{
  "contractEtherDelta": "smart_contract/etherdelta.sol",
  "contractToken": "smart_contract/token.sol",
  "contractReserveToken": "smart_contract/reservetoken.sol",
  "contractEtherDeltaAddrs": [
    { "addr": "0x8d12a197cb00d4747a1fe03395095ce2a5cc6819", "info": "(Latest 02/09/2017)" },
    { "addr": "0x373c55c277b866a69dc047cad488154ab9759466", "info": "(Deployed 10/24/2016 - Deprecated)" },
    { "addr": "0x4aea7cf559f67cedcad07e12ae6bc00f07e8cf65", "info": "(Deployed 08/30/2016 - Deprecated)" },
    { "addr": "0x2136bbba2edca21afdddee838fff19ea70d10f03", "info": "(Deployed 08/03/2016 - Deprecated)" },
    { "addr": "0xc6b330df38d6ef288c953f1f2835723531073ce2", "info": "(Deployed 07/08/2016 - Deprecated)" }
  ],
  "ethTestnet": false,
  "ethChainId": 1,
  "ethProvider": "http://localhost:8545",
  "ethGasPrice": 4000000000,
  "ethAddr": "0x0000000000000000000000000000000000000000",
  "ethAddrPrivateKey": "",
  "gasApprove": 250000,
  "gasDeposit": 250000,
  "gasWithdraw": 250000,
  "gasTrade": 250000,
  "gasOrder": 250000,
  "minOrderSize": 0.001,
  "socketServer": [
    "https://socket01.etherdelta.com",
    "https://socket02.etherdelta.com",
    "https://socket03.etherdelta.com",
    "https://socket04.etherdelta.com",
    "https://socket05.etherdelta.com",
    "https://socket06.etherdelta.com"
  ],
  "userCookie": "EtherDelta",
  "eventsCacheCookie": "EtherDelta_eventsCache",
  "ordersCacheCookie": "EtherDelta_ordersCache",
  "etherscanAPIKey": "GCGR1C9I17TYIRNYUDDEIJH1K5BRPH4UDE",
  "ledgerPath": "m/44'/60'/0'/0",
  "bases": [
    {
      "addr": "0x0000000000000000000000000000000000000000",
      "name": "ETH",
      "decimals": 18
    }
  ],
  "tokens": [
    {"addr":"0x0000000000000000000000000000000000000000","name":"ETH","decimals":18},
    {"addr":"0xd8912c10681d8b21fd3742244f44658dba12264e","name":"PLU","decimals":18},
    {"addr":"0xaf30d2a7e90d7dc361c8c4585e9bb7d2f6f15bc7","name":"1ST","decimals":18},
    {"addr":"0x936f78b9852d12f5cb93177c1f84fb8513d06263","name":"GNTW","decimals":18},
    {"addr":"0x01afc37f4f85babc47c0e2d0eababc7fb49793c8","name":"GNTM","decimals":18},
    {"addr":"0x5c543e7ae0a1104f78406c340e9c64fd9fce5170","name":"VSL","decimals":18},
    {"addr":"0xac709fcb44a43c35f0da4e3163b117a17f3770f5","name":"ARC","decimals":18},
    {"addr":"0x14f37b574242d366558db61f3335289a5035c506","name":"HKG","decimals":3},
    {"addr":"0x888666ca69e0f178ded6d75b5726cee99a87d698","name":"ICN","decimals":18},
    {"addr":"0xe94327d07fc17907b4db788e5adf2ed424addff6","name":"REP","decimals":18},
    {"addr":"0xaec2e87e0a235266d9c5adc9deb4b2e29b54d009","name":"SNGLS","decimals":0},
    {"addr":"0x4df812f6064def1e5e029f1ca858777cc98d2d81","name":"XAUR","decimals":8},
    {"addr":"0xc66ea802717bfb9833400264dd12c2bceaa34a6d","name":"MKR","decimals":18},
    {"addr":"0xe0b7927c4af23765cb51314a0e0521a9645f0e2a","name":"DGD","decimals":9},
    {"addr":"0xce3d9c3f3d302436d12f18eca97a3b00e97be7cd","name":"EPOSY","decimals":18},
    {"addr":"0x289fe11c6f46e28f9f1cfc72119aee92c1da50d0","name":"EPOSN","decimals":18},
    {"addr":"0x55e7c4a77821d5c50b4570b08f9f92896a25e012","name":"P+","decimals":0},
    {"addr":"0x45e42d659d9f9466cd5df622506033145a9b89bc","name":"NXC","decimals":3},
    {"addr":"0x08d32b0da63e2c3bcf8019c9c5d849d7a9d791e6","name":"DCN","decimals":0},
    {"addr":"0xb9e7f8568e08d5659f5d29c4997173d84cdf2607","name":"SWT","decimals":18},
    {"addr":"0xb802b24e0637c2b87d2e8b7784c055bbe921011a","name":"EMV","decimals":2},
    {"addr":"0x6531f133e6deebe7f2dce5a0441aa7ef330b4e53","name":"TIME","decimals":8},
    {"addr":"0xbeb9ef514a379b997e0798fdcc901ee474b6d9a1","name":"MLN","decimals":18},
    {"addr":"0x168296bb09e24a88805cb9c33356536b980d3fc5","name":"RHOC","decimals":8},
    {"addr":"0x08711d3b02c8758f2fb3ab4e80228418a7f8e39c","name":"EDG","decimals":0},
    {"addr":"0xf7b098298f7c69fc14610bf71d5e02c60792894c","name":"GUP","decimals":3},
    {"addr":"0x607f4c5bb672230e8672085532f7e901544a7375","name":"RLC","decimals":9},
    {"addr":"0xcb94be6f13a1182e4a4b6140cb7bf2025d28e41b","name":"TRST","decimals":6},
    {"addr":"0x2e071d2966aa7d8decb1005885ba1977d6038a65","name":"DICE","decimals":16},
    {"addr":"0xe7775a6e9bcf904eb39da2b68c5efb4f9360e08c","name":"TAAS","decimals":6},
    {"addr":"0x6810e776880c02933d47db1b9fc05908e5386b96","name":"GNO","decimals":18},
    {"addr":"0x667088b212ce3d06a1b553a7221e1fd19000d9af","name":"WINGS","decimals":18},
    {"addr":"0xfa05a73ffe78ef8f1a739473e462c54bae6567d9","name":"LUN","decimals":18},
    {"addr":"0xaaaf91d9b90df800df4f55c205fd6989c977e73a","name":"TKN","decimals":8},
    {"addr":"0xcbcc0f036ed4788f63fc0fee32873d6a7487b908","name":"HMQ","decimals":8},
    {"addr":"0x960b236a07cf122663c4303350609a66a7b288c0","name":"ANT","decimals":18},
    {"addr":"0xd248b0d48e44aaf9c49aea0312be7e13a6dc1468","name":"SGT","decimals":1},
    {"addr":"0xff3519eeeea3e76f1f699ccce5e23ee0bdda41ac","name":"BCAP","decimals":0},
    {"addr":"0x0d8775f648430679a709e98d2b0cb6250d2887ef","name":"BAT","decimals":18},
    {"addr":"0xa645264c5603e96c3b0b078cdab68733794b0a71","name":"MYST","decimals":8},
    {"addr":"0x82665764ea0b58157e1e5e9bab32f68c76ec0cdf","name":"VSMOLD","decimals":0},
    {"addr":"0x12fef5e57bf45873cd9b62e9dbd7bfb99e32d73e","name":"CFI","decimals":18},
    {"addr":"0x8f3470a7388c05ee4e7af3d01d8c722b0ff52374","name":"VERI","decimals":18},
    {"addr":"0x40395044ac3c0c57051906da938b54bd6557f212","name":"MGO","decimals":8},
    {"addr":"0x8ae4bf2c33a8e667de34b54938b0ccd03eb8cc06","name":"PTOY","decimals":8},
    {"addr":"0x1f573d6fb3f13d689ff844b4ce37794d79a7ff1c","name":"BNT","decimals":18},
    {"addr":"0x697beac28b09e122c4332d163985e8a73121b97f","name":"QRL","decimals":8},
    {"addr":"0xae616e72d3d89e847f74e8ace41ca68bbf56af79","name":"GOOD","decimals":6},
    {"addr":"0x744d70fdbe2ba4cf95131626614a1763df805b9e","name":"SNT","decimals":18},
    {"addr":"0x983f6d60db79ea8ca4eb9968c6aff8cfa04b3c63","name":"SONM","decimals":18},
    {"addr":"0x1776e1f26f98b1a5df9cd347953a26dd3cb46671","name":"NMR","decimals":18},
    {"addr":"0x93e682107d1e9defb0b5ee701c71707a4b2e46bc","name":"MCAP","decimals":8},
    {"addr":"0xb97048628db6b661d4c2aa833e95dbe1a905b280","name":"PAY","decimals":18},
    {"addr":"0x5a84969bb663fb64f6d015dcf9f622aedc796750","name":"ICE","decimals":18},
    {"addr":"0xd4fa1460f537bb9085d22c7bccb5dd450ef28e3a","name":"PPT","decimals":8},
    {"addr":"0xbbb1bd2d741f05e144e6c4517676a15554fd4b8d","name":"FUNOLD","decimals":8},
    {"addr":"0x419d0d8bdd9af5e606ae2232ed285aff190e711b","name":"FUN","decimals":8},
    {"addr":"0xd0d6d6c5fe4a677d343cc433536bb717bae167dd","name":"ADT","decimals":9},
    {"addr":"0xce5c603c78d047ef43032e96b5b785324f753a4f","name":"E4ROW","decimals":2},
    {"addr":"0xb64ef51c888972c908cfacf59b47c1afbc0ab8ac","name":"STORJ","decimals":8},
    {"addr":"0xcfb98637bcae43c13323eaa1731ced2b716962fd","name":"NET","decimals":18},
    {"addr":"0x86fa049857e0209aa7d9e616f7eb3b3b78ecfdb0","name":"EOS","decimals":18},
    {"addr":"0x4470bb87d77b963a013db939be332f927f2b992e","name":"ADX","decimals":4},
    {"addr":"0x621d78f2ef2fd937bfca696cabaf9a779f59b3ed","name":"DRP","decimals":2},
    {"addr":"0x8aa33a7899fcc8ea5fbe6a608a109c3893a1b8b2","name":"BET","decimals":18},
    {"addr":"0x0affa06e7fbe5bc9a764c979aa66e8256a631f02","name":"PLBT","decimals":6},
    {"addr":"0xd26114cd6ee289accf82350c8d8487fedb8a0c07","name":"OMG","decimals":18},
    {"addr":"0xb8c77482e45f1f44de1745f52c74426c631bdd52","name":"BNB","decimals":18},
    {"addr":"0x814964b1bceaf24e26296d031eadf134a2ca4105","name":"NEWB","decimals":0},
    {"addr":"0xb24754be79281553dc1adc160ddf5cd9b74361a4","name":"XRL","decimals":9},
    {"addr":"0x386467f1f3ddbe832448650418311a479eecfc57","name":"MBRS","decimals":0},
    {"addr":"0xf433089366899d83a9f26a773d59ec7ecf30355e","name":"MTL","decimals":8},
    {"addr":"0xc63e7b1dece63a77ed7e4aeef5efb3b05c81438d","name":"FUCKOLD","decimals":4},
    {"addr":"0xab16e0d25c06cb376259cc18c1de4aca57605589","name":"FUCK","decimals":4},
    {"addr":"0x5c6183d10a00cd747a6dbb5f658ad514383e9419","name":"NXXOLD","decimals":8},
    {"addr":"0xd5b9a2737c9b2ff35ecb23b884eb039303bbbb61","name":"BTH","decimals":18},
    {"addr":"0xe3818504c1b32bf1557b16c238b2e01fd3149c17","name":"PLR","decimals":18},
    {"addr":"0x41e5560054824ea6b0732e656e3ad64e20e94e45","name":"CVC","decimals":8},
    {"addr":"0xbfa4d71a51b9e0968be4bc299f8ba6cbb2f86789","name":"MAYY","decimals":18},
    {"addr":"0xab130bc7ff83192656a4b3079741c296615899c0","name":"MAYN","decimals":18},
    {"addr":"0xe2e6d4be086c6938b53b22144855eef674281639","name":"LNK","decimals":18},
    {"addr":"0x2bdc0d42996017fce214b21607a515da41a9e0c5","name":"SKIN","decimals":6},
    {"addr":"0x8b9c35c79af5319c70dd9a3e3850f368822ed64e","name":"DGT","decimals":18},
    {"addr":"0xa578acc0cb7875781b7880903f4594d13cfa8b98","name":"ECN","decimals":2},
    {"addr":"0x660b612ec57754d949ac1a09d0c2937a010dee05","name":"BCD","decimals":6},
    {"addr":"0x8ef59b92f21f9e5f21f5f71510d1a7f87a5420be","name":"DEX","decimals":2},
    {"addr":"0xea1f346faf023f974eb5adaf088bbcdf02d761f4","name":"TIX","decimals":18},
    {"addr":"0x177d39ac676ed1c67a2b268ad7f1e58826e5b0af","name":"CDT","decimals":18},
    {"addr":"0xfca47962d45adfdfd1ab2d972315db4ce7ccf094","name":"IXT","decimals":8},
    {"addr":"0xa2f4fcb0fde2dd59f7a1873e121bc5623e3164eb","name":"AIRA","decimals":0},
    {"addr":"0x56ba2ee7890461f463f7be02aac3099f6d5811a8","name":"CAT","decimals":18},
    {"addr":"0x701c244b988a513c945973defa05de933b23fe1d","name":"OAX","decimals":18},
    {"addr":"0x08fd34559f2ed8585d3810b4d96ab8a05c9f97c5","name":"CLRT","decimals":18},
    {"addr":"0x68aa3f232da9bdc2343465545794ef3eea5209bd","name":"MSP","decimals":18},
    {"addr":"0x2a05d22db079bc40c2f77a1d1ff703a56e631cc1","name":"BAS","decimals":8},
    {"addr":"0xdc0c22285b61405aae01cba2530b6dd5cd328da7","name":"KTN","decimals":6},
    {"addr":"0xdd6bf56ca2ada24c683fac50e37783e55b57af9f","name":"BNC","decimals":12},
    {"addr":"0x0abdace70d3790235af448c88547603b945604ea","name":"DNT","decimals":18},
    {"addr":"0x9e77d5a1251b6f7d456722a6eac6d2d5980bd891","name":"BRAT","decimals":8},
    {"addr":"0x5af2be193a6abca9c8817001f45744777db30756","name":"BQX","decimals":8},
    {"addr":"0x006bea43baa3f7a6f765f14f10a1a1b08334ef45","name":"STX","decimals":18},
    {"addr":"0x88fcfbc22c6d3dbaa25af478c578978339bde77a","name":"FYN","decimals":18},
    {"addr":"0x4e0603e2a27a30480e5e3a4fe548e29ef12f64be","name":"CREDO","decimals":18},
    {"addr":"0x202e295df742befa5e94e9123149360db9d9f2dc","name":"NIH","decimals":8},
    {"addr":"0x671abbe5ce652491985342e85428eb1b07bc6c64","name":"QAU","decimals":8},
    {"addr":"0x3597bfd533a99c9aa083587b074434e61eb0a258","name":"DENT","decimals":8},
    {"addr":"0xbc7de10afe530843e71dfb2e3872405191e8d14a","name":"SHOUC","decimals":18},
    {"addr":"0x2ca72c9699b92b47272c9716c664cad6167c80b0","name":"GUNS","decimals":18},
    {"addr":"0x7c5a0ce9267ed19b22f8cae653f198e3e8daf098","name":"SAN","decimals":18},
    {"addr":"0xf8e386eda857484f5a12e4b5daa9984e06e73705","name":"IND","decimals":18},
    {"addr":"0xfb12e3cca983b9f59d90912fd17f8d745a8b2953","name":"LUCK","decimals":0},
    {"addr":"0x0b1724cc9fda0186911ef6a75949e9c0d3f0f2f3","name":"RIYA","decimals":8},
    {"addr":"0xe41d2489571d322189246dafa5ebde1f4699f498","name":"ZRX","decimals":18},
    {"addr":"0xb63b606ac810a52cca15e44bb630fd42d8d1d83d","name":"MCO","decimals":8},
    {"addr":"0x02b9806a64cb05f02aa8dcc1c178b88159a61304","name":"DEL","decimals":18},
    {"addr":"0x46492473755e8df960f8034877f61732d718ce96","name":"STRC","decimals":8},
    {"addr":"0x025abad9e518516fdaafbdcdb9701b37fb7ef0fa","name":"GTKT","decimals":0},
    {"addr":"0x0e0989b1f9b8a38983c2ba8053269ca62ec9b195","name":"POE","decimals":8},
    {"addr":"0x38968746147bbaeb882f356ad9a57594bb158235","name":"BENJA","decimals":8},
    {"addr":"0x814cafd4782d2e728170fda68257983f03321c58","name":"IDEA","decimals":0},
    {"addr":"0x84119cb33e8f590d75c2d6ea4e6b0741a7494eda","name":"WTT","decimals":0},
    {"addr":"0x5ddab66da218fb05dfeda07f1afc4ea0738ee234","name":"RARE","decimals":8},
    {"addr":"0xd7631787b4dcc87b1254cfd1e5ce48e96823dee8","name":"SCL","decimals":8},
    {"addr":"0xa7f976c360ebbed4465c2855684d1aae5271efa9","name":"TFL","decimals":8},
    {"addr":"0x7654915a1b82d6d2d0afc37c52af556ea8983c7e","name":"IFT","decimals":18},
    {"addr":"0x94298f1e0ab2dfad6eeffb1426846a3c29d98090","name":"MyB","decimals":8},
    {"addr":"0x4355fc160f74328f9b383df2ec589bb3dfd82ba0","name":"OPT","decimals":18},
    {"addr":"0x17fd666fa0784885fa1afec8ac624d9b7e72b752","name":"FLIK","decimals":14},
    {"addr":"0xdab5dfa0966c3435da991b39d205c3ba1c64fe31","name":"MTP","decimals":1},
    {"addr":"0x422866a8f0b032c5cf1dfbdef31a20f4509562b0","name":"ADST","decimals":0},
    {"addr":"0x66497a283e0a007ba3974e837784c6ae323447de","name":"PT","decimals":18},
    {"addr":"0x07d9e49ea402194bf48a8276dafb16e4ed633317","name":"DALC","decimals":8},
    {"addr":"0xcc4ef9eeaf656ac1a2ab886743e98e97e090ed38","name":"DDF","decimals":18},
    {"addr":"0xef68e7c694f40c8202821edf525de3782458639f","name":"LRC","decimals":18},
    {"addr":"0x3d1ba9be9f66b8ee101911bc36d3fb562eac2244","name":"RVT","decimals":18},
    {"addr":"0x8a187d5285d316bcbc9adafc08b51d70a0d8e000","name":"SIFT","decimals":0},
    {"addr":"0x8effd494eb698cc399af6231fccd39e08fd20b15","name":"PIX","decimals":0},
    {"addr":"0xaa26b73bfdc80b5c7d2cfbfc30930038fb7fa657","name":"TOV","decimals":0},
    {"addr":"0x08f5a9235b08173b7569f83645d2c7fb55e8ccd8","name":"TNT","decimals":8},
    {"addr":"0x96a65609a7b84e8842732deb08f56c3e21ac6f8a","name":"CTR","decimals":18},
    {"addr":"0xe6923e9b56db1eed1c9f430ea761da7565e260fe","name":"FC","decimals":2},
    {"addr":"0xd850942ef8811f2a866692a623011bde52a462c1","name":"VEN","decimals":18},
    {"addr":"0x2160e6c0ae8ca7d62fe1f57fc049f8363283ff5f","name":"BPT","decimals":18},
    {"addr":"0xf05a9382a4c3f29e2784502754293d88b835109c","name":"REX","decimals":18},
    {"addr":"0x73dd069c299a5d691e9836243bcaec9c8c1d8734","name":"BTE","decimals":8},
    {"addr":"0x1bcbc54166f6ba149934870b60506199b6c9db6d","name":"ROC","decimals":10},
    {"addr":"0x0f5d2fb29fb7d3cfee444a200298f468908cc942","name":"MANA","decimals":18},
    {"addr":"0x27695e09149adc738a978e9a678f99e4c39e9eb9","name":"KICK","decimals":8},
    {"addr":"0x4e260e3ca268e40133c84b142de73108a7c1ec99","name":"YC","decimals":0},
    {"addr":"0xaf4dce16da2877f8c9e00544c93b62ac40631f16","name":"MTH","decimals":5},
    {"addr":"0x9214ec02cb71cba0ada6896b8da260736a67ab10","name":"REAL","decimals":18},
    {"addr":"0xe5a7c12972f3bbfe70ed29521c8949b8af6a0970","name":"BLX","decimals":18},
    {"addr":"0x5cf4e9dfd975c52aa523fb5945a12235624923dc","name":"MPRM","decimals":0},
    {"addr":"0x887834d3b8d450b6bab109c252df3da286d73ce4","name":"ATT","decimals":18},
    {"addr":"0xf4134146af2d511dd5ea8cdb1c4ac88c57d60404","name":"SNC","decimals":18},
    {"addr":"0x138a8752093f4f9a79aaedf48d4b9248fab93c9c","name":"MCI","decimals":18},
    {"addr":"0xb7cb1c96db6b22b0d3d9536e0108d062bd488f74","name":"WTC","decimals":18},
    {"addr":"0x5ca9a71b1d01849c0a95490cc00559717fcf0d1d","name":"AE","decimals":18},
    {"addr":"0x336f646f87d9f6bc6ed42dd46e8b3fd9dbd15c22","name":"CCT","decimals":18},
    {"addr":"0xf70a642bd387f94380ffb90451c2c81d4eb82cbc","name":"STAR","decimals":18},
    {"addr":"0xc8c6a31a4a806d3710a7b38b7b296d2fabccdba8","name":"ELIX","decimals":18},
    {"addr":"0x9cb9eb4bb7800bdbb017be2a4ffbeccb67454ea9","name":"BOPTOLD","decimals":8},
    {"addr":"0x0d88ed6e74bbfd96b831231638b66c05571e824f","name":"AVT","decimals":18},
    {"addr":"0x190e569be071f40c704e15825f285481cb74b6cc","name":"FAM","decimals":12},
    {"addr":"0x190fb342aa6a15eb82903323ae78066ff8616746","name":"UMC","decimals":6},
    {"addr":"0x59adcf176ed2f6788a41b8ea4c4904518e62b6a4","name":"SAI","decimals":18},
    {"addr":"0x1b9743f556d65e757c4c650b4555baf354cb8bd3","name":"ETBS","decimals":12},
    {"addr":"0xd3c00772b24d997a812249ca637a921e81357701","name":"WILD","decimals":18},
    {"addr":"0x516e5436bafdc11083654de7bb9b95382d08d5de","name":"ORME","decimals":8},
    {"addr":"0xf99f901124cbbe180984a247ba94cfba0c764b2e","name":"SQRL","decimals":6},
    {"addr":"0xb29678a4805a7d787dc9589e179d27f7575bb9f7","name":"AUA","decimals":5},
    {"addr":"0x5afda18caba69fe3af5e6d56e42e1c9f92c40d77","name":"MCD","decimals":18},
    {"addr":"0xf0f8b0b8dbb1124261fc8d778e2287e3fd2cf4f5","name":"BQ","decimals":3},
    {"addr":"0xa54ddc7b3cce7fc8b1e3fa0256d0db80d2c10970","name":"NDC","decimals":18},
    {"addr":"0xc596bd09d652827b0106292d3e378d5938df4b12","name":"TPT","decimals":18},
    {"addr":"0x07e3c70653548b04f0a75970c1f81b4cbbfb606f","name":"DLT","decimals":18},
    {"addr":"0x7f1e2c7d6a69bf34824d72c53b4550e895c0d8c2","name":"BOP","decimals":8},
    {"addr":"0x51db5ad35c671a87207d88fc11d593ac0c8415bd","name":"MDA","decimals":18},
    {"addr":"0xe3fedaecd47aa8eab6b23227b0ee56f092c967a9","name":"PST","decimals":18},
    {"addr":"0xa6e7172662379f1f4c72108655869abdbb7f7672","name":"JADE","decimals":5},
    {"addr":"0xfec0cf7fe078a500abf15f1284958f22049c2c7e","name":"ART","decimals":18},
    {"addr":"0x089a6d83282fb8988a656189f1e7a73fa6c1cac2","name":"PGL","decimals":18},
    {"addr":"0xc997d07b0bc607b6d1bcb6fb9d4a5579c466c3e5","name":"FLIP","decimals":0},
    {"addr":"0x818fc6c2ec5986bc6e2cbf00939d90556ab12ce5","name":"KIN","decimals":18},
    {"addr":"0x163733bcc28dbf26b41a8cfa83e369b5b3af741b","name":"PRS","decimals":18},
    {"addr":"0xab6cf87a50f17d7f5e1feaf81b6fe9ffbe8ebf84","name":"MRV","decimals":18},
    {"addr":"0x4d11061ec8f401edc2395b5f439a05eee6ccfa50","name":"BOTA","decimals":18},
    {"addr":"0xac3da587eac229c9896d919abc235ca4fd7f72c1","name":"TGT","decimals":1},
    {"addr":"0x437cf0bf53634e3dfa5e3eaff3104004d50fb532","name":"BTN","decimals":4},
    {"addr":"0xf230b790e05390fc8295f4d3f60332c93bed42e2","name":"TRX","decimals":6},
    {"addr":"0x8727c112c712c4a03371ac87a74dd6ab104af768","name":"JET","decimals":18},
    {"addr":"0x78b7fada55a64dd895d8c8c35779dd8b67fa8a05","name":"ATL","decimals":18},
    {"addr":"0xb2f7eb1f2c37645be61d73953035360e768d81e6","name":"COB","decimals":18},
    {"addr":"0x226bb599a12c826476e3a771454697ea52e9e220","name":"PRO","decimals":8},
    {"addr":"0x51ee82641ac238bde34b9859f98f5f311d6e4954","name":"IQT","decimals":8},
    {"addr":"0x0371a82e4a9d0a4312f3ee2ac9c6958512891372","name":"STU","decimals":18},
    {"addr":"0x2f4baef93489b09b5e4b923795361a65a26f55e5","name":"XHY","decimals":8},
    {"addr":"0xe256bb0b2a3457e54db3a41cf5a8b826aca222a8","name":"ARX","decimals":18},
    {"addr":"0xe1479d294807379320dca9a9e9002ac644539099","name":"KING","decimals":18},
    {"addr":"0xb72627650f1149ea5e54834b2f468e5d430e67bf","name":"BITS","decimals":8},
    {"addr":"0x7d5edcd23daa3fb94317d32ae253ee1af08ba14d","name":"EBET","decimals":2},
    {"addr":"0x94d6b4fb35fb08cb34aa716ab40049ec88002079","name":"CNX","decimals":8},
    {"addr":"0xdd6c68bb32462e01705011a4e2ad1a60740f217f","name":"HBT","decimals":15},
    {"addr":"0xdd974d5c2e2928dea5f71b9825b8b646686bd200","name":"KNC","decimals":18},
    {"addr":"0x7268f9c2bc9c9e65b4a16888cb5672531ce8e945","name":"YESTERDAY","decimals":18},
    {"addr":"0xee609fe292128cad03b786dbb9bc2634ccdbe7fc","name":"POS","decimals":18},
    {"addr":"0xb45a50545beeab73f38f31e5973768c421805e5e","name":"TKR","decimals":18},
    {"addr":"0x68db10ecc599d9f5e657acdafdbf6449d658bb2d","name":"GGS","decimals":18},
    {"addr":"0x4a42d2c580f83dce404acad18dab26db11a1750e","name":"RLX","decimals":18},
    {"addr":"0xf9c9da0c81fffd491458881410903561d1e40fd0","name":"ARENA","decimals":18},
    {"addr":"0x2daee1aa61d60a252dc80564499a69802853583a","name":"ATS","decimals":4},
    {"addr":"0x46eec301d2d00087145d1588282c182bd1890e5c","name":"RSPR","decimals":16},
    {"addr":"0x5e4abe6419650ca839ce5bb7db422b881a6064bb","name":"WIC","decimals":18},
    {"addr":"0x83eea00d838f92dec4d1475697b9f4d3537b56e3","name":"VOISE","decimals":8},
    {"addr":"0xba2184520a1cc49a6159c57e61e1844e085615b6","name":"HGT","decimals":8},
    {"addr":"0x12480e24eb5bec1a9d4369cab6a80cad3c0a377a","name":"SUB","decimals":2},
    {"addr":"0x30aee7f259d6d1564ebef457847c672b30f13cbc","name":"DOM","decimals":0},
    {"addr":"0xa8006c4ca56f24d6836727d106349320db7fef82","name":"INXT","decimals":8},
    {"addr":"0xe814aee960a85208c3db542c53e7d4a6c8d5f60f","name":"DAY","decimals":18},
    {"addr":"0x2469f31a34fcaac0debf73806ce39b2388874b13","name":"PPT2","decimals":18},
    {"addr":"0x268b7976e94e84a48bf8b2b57ba34b59ed836a74","name":"XAI","decimals":8},
    {"addr":"0x77faed976e187f26b49e78be8418ab074a341f26","name":"IWT","decimals":18},
    {"addr":"0xdf6ef343350780bf8c3410bf062e0c015b1dd671","name":"BMC","decimals":8},
    {"addr":"0x43ee79e379e7b78d871100ed696e803e7893b644","name":"UGT","decimals":18},
    {"addr":"0x514910771af9ca656af840dff83e8264ecf986ca","name":"LINK","decimals":18},
    {"addr":"0x9b11efcaaa1890f6ee52c6bb7cf8153ac5d74139","name":"ATM","decimals":8},
    {"addr":"0xdcb9ff81013c31ff686154b4502ef6bfaa102d2d","name":"GOOC","decimals":8},
    {"addr":"0x13ea82d5e1a811f55bda9c86fdd6195a6bd23aed","name":"TFT","decimals":8},
    {"addr":"0xbfd4a3c26996dfc9e85a951eb615aac3b84c758b","name":"ALPC","decimals":0},
    {"addr":"0xe8ff5c9c75deb346acac493c463c8950be03dfba","name":"VIBE","decimals":18},
    {"addr":"0xb4efd85c19999d84251304bda99e90b92300bd93","name":"RPL","decimals":18},
    {"addr":"0xeeac3f8da16bb0485a4a11c5128b0518dac81448","name":"TEU","decimals":18},
    {"addr":"0x73b534fb6f07381a29a60b01eed5ae57d4ee24d7","name":"SDRN","decimals":18},
    {"addr":"0x1eab19e6623e8cbcafc252e275f5b51c27656faf","name":"SPNK","decimals":8},
    {"addr":"0x6467882316dc6e206feef05fba6deaa69277f155","name":"FAP","decimals":18},
    {"addr":"0x540449e4d172cd9491c76320440cd74933d5691a","name":"DBETOLD","decimals":18},
    {"addr":"0xf333b2ace992ac2bbd8798bf57bc65a06184afba","name":"SND","decimals":0},
    {"addr":"0xab95e915c123fded5bdfb6325e35ef5515f1ea69","name":"XNN","decimals":18},
    {"addr":"0x23cb17d7d079518dbff4febb6efcc0de58d8c984","name":"TRV","decimals":16},
    {"addr":"0x65292eeadf1426cd2df1c4793a3d7519f253913b","name":"COSS","decimals":18},
    {"addr":"0x27dce1ec4d3f72c3e457cc50354f1f975ddef488","name":"AIR","decimals":8},
    {"addr":"0x10b123fddde003243199aad03522065dc05827a0","name":"SYN","decimals":18},
    {"addr":"0xcb97e65f07da24d46bcdd078ebebd7c6e6e3d750","name":"BTM","decimals":8},
    {"addr":"0x6d5cac36c1ae39f41d52393b7a425d0a610ad9f2","name":"LLT","decimals":8},
    {"addr":"0x4156d3342d5c385a87d264f90653733592000581","name":"SALT","decimals":8},
    {"addr":"0xce61f5e6d1fe5a86e246f68aff956f7757282ef0","name":"1LIFE","decimals":18},
    {"addr":"0x52514e3acaeb06cab050a69b025083082ebe5b54","name":"CTCOLD","decimals":4},
    {"addr":"0xf1d9139c6512452db91f25635457b844d7e22b8b","name":"CTC","decimals":4},
    {"addr":"0xef2e9966eb61bb494e5375d5df8d67b7db8a780d","name":"SHIT","decimals":0},
    {"addr":"0x29d75277ac7f0335b2165d0895e8725cbf658d73","name":"CSNO","decimals":8},
    {"addr":"0x0aef06dcccc531e581f0440059e6ffcc206039ee","name":"ITT","decimals":8},
    {"addr":"0xb561fef0d624c0826ff869946f6076b7c4f2ba42","name":"SER","decimals":7},
    {"addr":"0xc0eb85285d83217cd7c891702bcbc0fc401e2d9d","name":"HVN","decimals":8},
    {"addr":"0x779b7b713c86e3e6774f5040d9ccc2d43ad375f8","name":"POOL","decimals":8},
    {"addr":"0x28a40acf39b1d3c932f42dd8068ad00a5ad6448f","name":"LDM","decimals":18},
    {"addr":"0xc3951d77737733174152532e8b0f27e2c4e9f0dc","name":"CLD","decimals":6},
    {"addr":"0x6678e467fa5ccfbdc264d12f4b8b28fe4661606b","name":"DCNT","decimals":1},
    {"addr":"0x82d193f8ee41d12aaa0a85cb006606d67f773e9c","name":"SMT","decimals":1},
    {"addr":"0x4b35e0ab998ebe8414871c13cf778f9d0bbdf609","name":"SWP","decimals":18},
    {"addr":"0x8a7b7b9b2f7d0c63f66171721339705a6188a7d5","name":"EDOGE","decimals":18},
    {"addr":"0xeb2da9fac54284cea731d1f10bb34eecb3c00c14","name":"POW","decimals":18},
    {"addr":"0xf028adee51533b1b47beaa890feb54a457f51e89","name":"BMT","decimals":18},
    {"addr":"0xeb9c0138d8ac10dd659640a4cc3d135c58b17b1b","name":"DTC","decimals":2},
    {"addr":"0x4c5601164e2048a4154de91fa5e0b07e626cab7f","name":"FNL","decimals":3},
    {"addr":"0x0b76544f6c413a555f309bf76260d1e02377c02a","name":"INT","decimals":6},
    {"addr":"0x0abefb7611cb3a01ea3fad85f33c3c934f8e2cf4","name":"FRD","decimals":18},
    {"addr":"0xea610b1153477720748dc13ed378003941d84fab","name":"ALIS","decimals":18},
    {"addr":"0xf3db5fa2c66b7af3eb0c0b782510816cbe4813b8","name":"EVX","decimals":4},
    {"addr":"0x0766e79a6fd74469733e8330b3b461c0320ff059","name":"EXN","decimals":18},
    {"addr":"0x8d5a69dc82a47594881256f2eef81770274fa30f","name":"NTC","decimals":18},
    {"addr":"0xe755f2fa95e47c5588c3037dd38e1268fa5fcecd","name":"HOWL","decimals":18},
    {"addr":"0x1bb9e8ea817d56eccc212ce63f7da95298f98719","name":"SHT","decimals":2},
    {"addr":"0x865d176351f287fe1b0010805b110d08699c200a","name":"BCO","decimals":8},
    {"addr":"0x881ef48211982d01e2cb7092c915e647cd40d85c","name":"OTN","decimals":18},
    {"addr":"0x48f775efbe4f5ece6e0df2f7b5932df56823b990","name":"R","decimals":0},
    {"addr":"0xa51153d9cf9d3cf6d58697b68eccc158d1e40388","name":"PME","decimals":18},
    {"addr":"0xb23be73573bc7e03db6e5dfc62405368716d28a8","name":"ONEK","decimals":18},
    {"addr":"0x6781a0f84c7e9e846dcb84a9a5bd49333067b104","name":"ZAP","decimals":18},
    {"addr":"0xf629cbd94d3791c9250152bd8dfbdf380e2a3b9c","name":"ENJ","decimals":18},
    {"addr":"0xd65960facb8e4a2dfcb2c2212cb2e44a02e2a57e","name":"SOAR","decimals":6},
    {"addr":"0xafe60511341a37488de25bef351952562e31fcc1","name":"TBT","decimals":8},
    {"addr":"0x1db186898bccde66fa64a50e4d81078951a30dbe","name":"LLA","decimals":18},
    {"addr":"0xb0d926c1bc3d78064f3e1075d5bd9a24f35ae6c5","name":"ARXAI","decimals":18},
    {"addr":"0x24aef3bf1a47561500f9430d74ed4097c47f51f2","name":"SPARTA","decimals":4},
    {"addr":"0xd884f9881e0aeabad79be8a69122cf998d067fff","name":"RUB","decimals":18},
    {"addr":"0x5ca71ea65acb6293e71e62c41b720698b0aa611c","name":"BBD","decimals":18},
    {"addr":"0x2c974b2d0ba1716e644c1fc59982a89ddd2ff724","name":"VIB","decimals":18},
    {"addr":"0x473319898464ca640af692a0534175981ab78aa1","name":"POKT","decimals":4},
    {"addr":"0x3a26746ddb79b1b8e4450e3f4ffe3285a307387e","name":"ETHB","decimals":8},
    {"addr":"0x6fff3806bbac52a20e0d79bc538d527f6a22c96b","name":"CDX","decimals":18},
    {"addr":"0xb62d18dea74045e822352ce4b3ee77319dc5ff2f","name":"EVC","decimals":18},
    {"addr":"0x7d49eaac4c70abc1a659122f08c0806ae44703ef","name":"DET","decimals":18},
    {"addr":"0x614ea929892ea43d3ea2c5e3311b01cc589bad6c","name":"ENO","decimals":18},
    {"addr":"0x64c86899bc02dd9af823b131e5acd4369f72bd39","name":"RENT","decimals":18},
    {"addr":"0xf94e44d8ea46ccd8451d7e15264c6c4a78d3e10f","name":"KSS","decimals":18},
    {"addr":"0x32c785e4e8477b277fea2ca2301727084d79d933","name":"NUGD","decimals":0},
    {"addr":"0x84c2c31c04339c9938adfe3f8013315c8906f071","name":"EBCSH","decimals":18},
    {"addr":"0x44f12955189e3f01be5daf1dd9002ee4d774f42b","name":"AFST","decimals":18},
    {"addr":"0x6f1a769952c60b2d03f46419adeda91d87866dab","name":"ELTC","decimals":18},
    {"addr":"0x415116bad878730f5db008ff381a73222128ad39","name":"EBCHB","decimals":18},
    {"addr":"0x2f1b8c9d0a21b747d8ca370f93cb09d3daf222ef","name":"EXRP","decimals":18},
    {"addr":"0x01a28adc0edd796b570ec4da734e1aa809f6f1fc","name":"EDASH","decimals":18},
    {"addr":"0x0c6c9beeeb5de377210930f09a7ac9a99ff5e981","name":"EZEC","decimals":18},
    {"addr":"0xb915ff79170d606935bceaf000d77ca4ed92d993","name":"ENEO","decimals":18},
    {"addr":"0x7e9d62e1ff4e34096f91ee0153222ab81f7184f0","name":"ELTC2","decimals":8},
    {"addr":"0x1f103fd7c4fa908c25387da70ed287b632bd22a2","name":"ELTC3","decimals":18},
    {"addr":"0xb518d165398d9057ea8b73096edda5c7754bcd62","name":"EXRP2","decimals":18},
    {"addr":"0xf923ba61b43161a83afe2cab7d77ea1e41f27918","name":"PAL","decimals":18},
    {"addr":"0xe26517a9967299453d3f1b48aa005e6127e67210","name":"NIMFA","decimals":18},
    {"addr":"0x09debe702678140c1be278213109719fab98d0d8","name":"MOL","decimals":18},
    {"addr":"0xb17df9a3b09583a9bdcf757d6367171476d4d8a3","name":"MVC","decimals":18},
    {"addr":"0x90528aeb3a2b736b780fd1b6c478bb7e1d643170","name":"XPA","decimals":18},
    {"addr":"0x0a76aad21948ea1ef447d26dee91a54370e151e0","name":"ELITE","decimals":18},
    {"addr":"0xa51d948ff15fbabac476af160cba6901ce47f4b0","name":"LNT","decimals":18},
    {"addr":"0x014b50466590340d41307cc54dcee990c8d58aa8","name":"ICOS","decimals":6},
    {"addr":"0xedf2d3e5fb70ead2e6d8fe96845a5e59d52d2044","name":"NCH","decimals":12},
    {"addr":"0xfb41f7b63c8e84f4ba1ecd4d393fd9daa5d14d61","name":"PLY","decimals":18},
    {"addr":"0xc42209accc14029c1012fb5680d95fbd6036e2a0","name":"PPP","decimals":18},
    {"addr":"0xae4191a7eb25713ac90483ea75828ae8038f94dc","name":"EZEC2","decimals":18},
    {"addr":"0xb2bfeb70b903f1baac7f2ba2c62934c7e5b974c4","name":"BKB","decimals":8},
    {"addr":"0xe66cc41dd03a170623dc087a69ad8d72e64cb838","name":"BTH2","decimals":18},
    {"addr":"0xafc39788c51f0c1ff7b55317f3e70299e521fff6","name":"EBCH","decimals":8},
    {"addr":"0x27054b13b1b798b345b591a4d22e6562d47ea75a","name":"AST","decimals":4},
    {"addr":"0x5d21ef5f25a985380b65c8e943a0082feda0db84","name":"ECASH","decimals":18},
    {"addr":"0xf152fca41bd23ff250292af391236db35e0e99c3","name":"EETH","decimals":8},
    {"addr":"0x37f014c64d186eaf879c0033846b51924ce42584","name":"MDT","decimals":0},
    {"addr":"0xfd784da5c740c617aafb80399fa81b86e1da99a5","name":"ITS","decimals":8},
    {"addr":"0xf0ee6b27b759c9893ce4f094b49ad28fd15a23e4","name":"ENG","decimals":8},
    {"addr":"0x13f1b7fdfbe1fc66676d56483e21b1ecb40b58e2","name":"ACC","decimals":18},
    {"addr":"0x6025f65f6b2f93d8ed1efedc752acfd4bdbcec3e","name":"EGOLD","decimals":18},
    {"addr":"0x3a1bda28adb5b0a812a7cf10a1950c920f79bcd3","name":"FLP","decimals":18},
    {"addr":"0x90c88ccd74e57e016acae8ad1eaa12ecf4c06f33","name":"IBTC","decimals":18},
    {"addr":"0xc51c938c4d513780c66c722a41c197d3a89fa9a8","name":"EBTG","decimals":8},
    {"addr":"0x8f8221afbb33998d8584a2b05749ba73c37a938a","name":"REQ","decimals":18},
    {"addr":"0x72adadb447784dd7ab1f472467750fc485e4cb2d","name":"WRC","decimals":6},
    {"addr":"0x9b6443b0fb9c241a7fdac375595cea13e6b7807a","name":"RCC","decimals":18},
    {"addr":"0xdee667186e7b81ecf7efc8713382d8d99a8b92b4","name":"EBCG","decimals":18},
    {"addr":"0xa9aad2dc3a8315caeee5f458b1d8edc31d8467bd","name":"BTCM","decimals":18},
    {"addr":"0x4ceda7906a5ed2179785cd3a40a69ee8bc99c466","name":"AION","decimals":8},
    {"addr":"0x179a2e413386db620d5b89a18550a3874385f726","name":"FIT","decimals":5},
    {"addr":"0xdf1ce35938f9ca2eab682284f82a81a9d25665ce","name":"STM","decimals":18},
    {"addr":"0x87611ca3403a3878dfef0da2a786e209abfc1eff","name":"EUSD","decimals":8},
    {"addr":"0x28c8d01ff633ea9cd8fc6a451d7457889e698de6","name":"ETG","decimals":0},
    {"addr":"0x9541fd8b9b5fa97381783783cebf2f5fa793c262","name":"KZN","decimals":8},
    {"addr":"0xa8f93faee440644f89059a2c88bdc9bf3be5e2ea","name":"CASH","decimals":18},
    {"addr":"0xea38eaa3c86c8f9b751533ba2e562deb9acded40","name":"FUEL","decimals":18},
    {"addr":"0xced4e93198734ddaff8492d525bd258d49eb388e","name":"EDO","decimals":18},
    {"addr":"0xd96b9fd7586d9ea24c950d24399be4fb65372fdd","name":"BTCS","decimals":18},
    {"addr":"0xe701cd3329057aea9d54300ddd05e41b8d74727a","name":"10MT","decimals":10},
    {"addr":"0x15f173b7aca7cd4a01d6f8360e65fb4491d270c1","name":"EREAL","decimals":18},
    {"addr":"0x331a550a2c7f96384eb69127aa0ea9ad4b5da099","name":"ATMT","decimals":18},
    {"addr":"0xae258d5322b59d64df9eb483e3b1733332c3b66c","name":"ETHG","decimals":8},
    {"addr":"0xa89b5934863447f6e4fc53b315a93e873bda69a3","name":"LUM","decimals":18},
    {"addr":"0xe463d10ec6b4ff6a3e5be41144956116ca30d4c3","name":"7YPE","decimals":0},
    {"addr":"0x7d4b8cce0591c9044a22ee543533b72e976e36c3","name":"CAG","decimals":18},
    {"addr":"0x4cd988afbad37289baaf53c13e98e2bd46aaea8c","name":"KEY","decimals":18},
    {"addr":"0xb91318f35bdb262e9423bc7c7c2a3a93dd93c92c","name":"NULS","decimals":18},
    {"addr":"0xf8fa1a588cd8cd51c3c4d6dc16d2717f6332e821","name":"BXC","decimals":2},
    {"addr":"0x1c4481750daa5ff521a2a7490d9981ed46465dbd","name":"BCPT","decimals":18},
    {"addr":"0x58ca3065c0f24c7c96aee8d6056b5b5decf9c2f8","name":"GXC","decimals":10},
    {"addr":"0x9397554c07f687b7a20d13c73350cc283765d509","name":"SHLD","decimals":18},
    {"addr":"0x539efe69bcdd21a83efd9122571a64cc25e0282b","name":"BLUE","decimals":8},
    {"addr":"0x9af4f26941677c706cfecf6d3379ff01bb85d5ab","name":"DRT","decimals":8},
    {"addr":"0xde39e5e5a1b0eeb3afe717d6d011cae88d19451e","name":"FUDD","decimals":8},
    {"addr":"0xfcb48fdcc479b38068c06ee94249b1516adf09cb","name":"EURB","decimals":5},
    {"addr":"0x7a79abd3905ef37b8d243c4c28cee73a751eb076","name":"CM","decimals":18},
    {"addr":"0xebc86d834756621444a8a26b4cf81b625fe310cd","name":"ETHP","decimals":18},
    {"addr":"0xce59d29b09aae565feeef8e52f47c3cd5368c663","name":"BULX","decimals":18},
    {"addr":"0x26607f9bf9d62a37b0c78e1d3719fcd1fa32bef9","name":"GFL","decimals":18},
    {"addr":"0x9dfe4643c04078a46803edcc30a3291b76d4c20c","name":"GEN","decimals":18},
    {"addr":"0xdded69d8e28d38d640f6244ab5294f309fd40ce1","name":"LMT","decimals":8},
    {"addr":"0x705ee96c1c160842c92c1aecfcffccc9c412e3d9","name":"POLL","decimals":18},
    {"addr":"0xc78593c17482ea5de44fdd84896ffd903972878e","name":"BB","decimals":9},
    {"addr":"0xc3972ac283b3a7a56125674631a5c254f7f373cf","name":"HAT","decimals":12},
    {"addr":"0xf2e51e32d1f546423364a040ef1a6d2f05e31482","name":"HUBC","decimals":6},
    {"addr":"0xffe8196bc259e8dedc544d935786aa4709ec3e64","name":"HDG","decimals":18},
    {"addr":"0x7728dfef5abd468669eb7f9b48a7f70a501ed29d","name":"PRG","decimals":6},
    {"addr":"0x1183f92a5624d68e85ffb9170f16bf0443b4c242","name":"QVT","decimals":18},
    {"addr":"0x859a9c0b44cb7066d956a958b0b82e54c9e44b4b","name":"IETH","decimals":8},
    {"addr":"0x76e82406a5040b605c6d30caf4802e7eb3184bbc","name":"EBCC","decimals":6},
    {"addr":"0x1040613788e99c1606bd133db0ed7f7dbdf0cc80","name":"STH","decimals":0},
    {"addr":"0x63b992e6246d88f07fc35a056d2c365e6d441a3d","name":"SCT","decimals":18},
    {"addr":"0xdbfb423e9bbf16294388e07696a5120e4ceba0c5","name":"ETHD","decimals":18},
    {"addr":"0x91126cfa7db2983527b0b749cc8a61fdeffedc28","name":"DONE","decimals":16},
    {"addr":"0xbc63acdfafa94bd4d8c2bb7a8552281f107242c0","name":"MXX","decimals":18},
    {"addr":"0x56e7f2cd7d5382506aab084a67d70e603cdb23f7","name":"CODE","decimals":8},
    {"addr":"0x6d7a4c14c997333e304d5aef2aece73fd60ecc59","name":"WNDOLD","decimals":18},
    {"addr":"0x6aac8cb9861e42bf8259f5abdc6ae3ae89909e11","name":"BTCRED","decimals":8},
    {"addr":"0x0879e0c9822b75f31f0b0ed2a30be9f484a57c2f","name":"LTG","decimals":0},
    {"addr":"0x044dd17bbbcbf1cf65f543918561bf8cf8130e7b","name":"EGR","decimals":3},
    {"addr":"0x957c30ab0426e0c93cd8241e2c60392d08c6ac8e","name":"MOD","decimals":0},
    {"addr":"0x52a17ca01b9925752aefde41bf80d7b10514e136","name":"PUMP","decimals":15},
    {"addr":"0xe81d72d14b1516e68ac3190a46c93302cc8ed60f","name":"CL","decimals":18},
    {"addr":"0x8c01ada8e708993a891d57d1b3169479a20acb3a","name":"VIT","decimals":18},
    {"addr":"0x2405cc17ba128bfa7117815e04a4da228013f5bc","name":"BNN","decimals":8},
    {"addr":"0x983877018633c0940b183cd38d1b58bee34f7301","name":"DEEP","decimals":8},
    {"addr":"0xcedbf324a1eb1affe53ab7b7ef0103e070e3853f","name":"ETL","decimals":10},
    {"addr":"0x4fbc28e3b3c1c50ee05dcd66d9fc614a0cb99705","name":"HHT","decimals":18},
    {"addr":"0xe469c4473af82217b30cf17b10bcdb6c8c796e75","name":"EXRN","decimals":0},
    {"addr":"0x0886949c1b8c412860c4264ceb8083d1365e86cf","name":"BTCE","decimals":8},
    {"addr":"0xd6adc5e386d499361ccc5752f791b45132e7e6e4","name":"MSC","decimals":0},
    {"addr":"0x5783862cef49094be4de1fe31280b2e33cf87416","name":"KRT","decimals":4},
    {"addr":"0x994f0dffdbae0bbf09b652d6f11a493fd33f42b9","name":"EAGLE","decimals":18},
    {"addr":"0x62a56a4a2ef4d355d34d10fbf837e747504d38d4","name":"PAYX","decimals":2},
    {"addr":"0xc79d440551a03f84f863b1f259f135794c8a7190","name":"MGX","decimals":18},
    {"addr":"0x4e279d8638e8669fad40e018fc181d26ee780380","name":"ETV","decimals":8},
    {"addr":"0xb554cf51cda0fccd5012d55737c4df55a3e18a5c","name":"MLK","decimals":8},
    {"addr":"0x4c382f8e09615ac86e08ce58266cc227e7d4d913","name":"SKR","decimals":6},
    {"addr":"0x9375b738083101617f0642d7dbeaa89e361545e3","name":"ESMS","decimals":0},
    {"addr":"0xb8742486c723793cf5162bb5d3425ed9cd73d049","name":"TCASH","decimals":8},
    {"addr":"0x44e6d9ae9053a16e9311fd9702291c5516804359","name":"EBTGOLD","decimals":0},
    {"addr":"0xef25e54e1ae9bfd966b9b5cde6880e7a2323a957","name":"SOCIAL","decimals":18},
    {"addr":"0x5046e860ff274fb8c66106b0ffb8155849fb0787","name":"JS","decimals":8},
    {"addr":"0x5f6e7fb7fe92ea7822472bb0e8f1be60d6a4ea50","name":"ARTE","decimals":18},
    {"addr":"0xe50365f5d679cb98a1dd62d6f6e58e59321bcddf","name":"LA","decimals":18},
    {"addr":"0x0cf0ee63788a0849fe5297f3407f701e122cc023","name":"DATA","decimals":18},
    {"addr":"0xdb45faeca61c70e271bffeaf66162fa68a1c4def","name":"EBIT","decimals":0},
    {"addr":"0x8633e144f2d9b9b8bdd12ddb58e4bef1e163a0ce","name":"YEL","decimals":18},
    {"addr":"0xae4f56f072c34c0a65b3ae3e4db797d831439d93","name":"GIM","decimals":8},
    {"addr":"0xe2f45f1660dc99daf3bd06f637ab1e4debc15bde","name":"SGG","decimals":6},
    {"addr":"0xb3bd49e28f8f832b8d1e246106991e546c323502","name":"GMT","decimals":18},
    {"addr":"0xf970b8e36e23f7fc3fd752eea86f8be8d83375a6","name":"RCN","decimals":18},
    {"addr":"0xbf430e24ac0f33d4ad6fac9654b37943124c2786","name":"IBTG","decimals":8},
    {"addr":"0x6b9e8076a536459303db301ba4430913a7f14c5a","name":"JDI","decimals":2},
    {"addr":"0x2edc6fcc641f0169d54abb842f96f701eae85e4e","name":"ADUOLD","decimals":18},
    {"addr":"0xba5f11b16b155792cf3b2e6880e8706859a8aeb6","name":"ARN","decimals":8},
    {"addr":"0x9501bfc48897dceeadf73113ef635d2ff7ee4b97","name":"EMT","decimals":18},
    {"addr":"0xa6e2f7f33f01fb399e72f3e044196eab7d348012","name":"AMO","decimals":4},
    {"addr":"0x22c10728343e9d49ef25080f74a223878a3d4052","name":"DRP2","decimals":8},
    {"addr":"0xac3211a5025414af2866ff09c23fc18bc97e79b1","name":"DOVU","decimals":18},
    {"addr":"0x662abcad0b7f345ab7ffb1b1fbb9df7894f18e66","name":"CTX","decimals":18},
    {"addr":"0x8bf8bcf8aba5ecffffd431489fe79dad38023a9b","name":"BUS","decimals":8},
    {"addr":"0xa8ba4095833a3f924d86cb3941099c1abb75ea13","name":"SUB1X","decimals":18},
    {"addr":"0x638ac149ea8ef9a1286c41b977017aa7359e6cfa","name":"ALTS","decimals":18},
    {"addr":"0xff18dbc487b4c2e3222d115952babfda8ba52f5f","name":"LIFE","decimals":18},
    {"addr":"0x181a63746d3adcf356cbc73ace22832ffbb1ee5a","name":"ALCO","decimals":8},
    {"addr":"0x8f0921f30555624143d427b340b1156914882c10","name":"FYP","decimals":18},
    {"addr":"0xfa2632a88bd0c11535a38f98a98db8251ccbaa9e","name":"GTA","decimals":18},
    {"addr":"0x8e10f6bb9c973d61321c25a2b8d865825f4aa57b","name":"0ED","decimals":18},
    {"addr":"0x03df4c372a29376d2c8df33a1b5f001cd8d68b0e","name":"BITCOINEREUM","decimals":8},
    {"addr":"0xbb1b3e8ddded8165d58b0c192d19cd360682b170","name":"CAS","decimals":2},
    {"addr":"0x49aec0752e68d0282db544c677f6ba407ba17ed7","name":"XBL","decimals":18},
    {"addr":"0x8f070b17dd3953634e9e9c174d0f05396f681bc1","name":"CCP","decimals":18},
    {"addr":"0xe58aff48f738b4a719d1790587cdc91a3560d7e1","name":"TMP","decimals":7},
    {"addr":"0x87ae38d63a6bbb63e46219f494b549e3be7fc400","name":"LAP","decimals":8},
    {"addr":"0x7f2176ceb16dcb648dc924eff617c3dc2befd30d","name":"OHNI","decimals":0},
    {"addr":"0x2233799ee2683d75dfefacbcd2a26c78d34b470d","name":"NTWK","decimals":18},
    {"addr":"0x9b8eb7a73a3c65fc3c892b494ab29cb061cf05ae","name":"1BIT","decimals":0},
    {"addr":"0x580d69737e11cf2fb306c8fc0161b86f7c9f03ba","name":"NEBO","decimals":3},
    {"addr":"0x26d5bd2dfeda983ecd6c39899e69dae6431dffbb","name":"ERC20","decimals":18},
    {"addr":"0xfb4752ad1b7153e1dbd2e6662651a11c7fc14083","name":"MPESA","decimals":8},
    {"addr":"0x27537ff4df3081cef9bee9b29cac764067b42611","name":"SLIP","decimals":0},
    {"addr":"0xba71b32e71a41339aa4ceaa79528535aefe488d8","name":"ALIEF","decimals":0},
    {"addr":"0xc9b89f6b5301f554b9adc6d4a871c3279820de40","name":"HAO","decimals":18},
    {"addr":"0xd9a0658b7cc9ec0c57e8b20c0920d08f17e747be","name":"SAT","decimals":10},
    {"addr":"0x7a41e0517a5eca4fdbc7fbeba4d4c47b9ff6dc63","name":"ZSC","decimals":18},
    {"addr":"0x999967e2ec8a74b7c8e9db19e039d920b31d39d0","name":"TIE","decimals":18},
    {"addr":"0x8bbf4dd0f11b3a535660fd7fcb7158daebd3a17e","name":"EGASOLD","decimals":8},
    {"addr":"0xb53a96bcbdd9cf78dff20bab6c2be7baec8f00f8","name":"EGAS","decimals":8},
    {"addr":"0x4dc3643dbc642b72c158e7f3d2ff232df61cb6ce","name":"AMB","decimals":18},
    {"addr":"0xe3fa177acecfb86721cf6f9f4206bd3bd672d7d5","name":"CTT","decimals":18},
    {"addr":"0xeb7c20027172e5d143fb030d50f91cece2d1485d","name":"EBTC","decimals":8},
    {"addr":"0x9742fa8cb51d294c8267ddfead8582e16f18e421","name":"10MTI","decimals":10},
    {"addr":"0x52a7cb918c11a16958be40cba7e31e32a499a465","name":"FDX","decimals":18},
    {"addr":"0x12b19d3e2ccc14da04fae33e63652ce469b3f2fd","name":"GRID","decimals":12},
    {"addr":"0x16b5a0de0520e1964a20ac8ef4034bd7d0920d8f","name":"TIOTOUR","decimals":18},
    {"addr":"0xf6b55acbbc49f4524aa48d19281a9a77c54de10f","name":"WLK","decimals":18},
    {"addr":"0x60200c0fefc1d0ade1e19a247b703cf3ccdc915a","name":"TWIT","decimals":8},
    {"addr":"0xc99ddc30bb0cf76b07d90dcb6b267b8352697bef","name":"TDT","decimals":18},
    {"addr":"0x2f5e044ad4adac34c8d8df738fac7743eda1409c","name":"AGO","decimals":18},
    {"addr":"0xb444208cb0516c150178fcf9a52604bc04a1acea","name":"GRMD","decimals":18},
    {"addr":"0x4d829f8c92a6691c56300d020c9e0db984cfe2ba","name":"XCC","decimals":18},
    {"addr":"0x76195ffd0cfedf68625b3e5b64c7bd904eeb9d6c","name":"WETOLD","decimals":18},
    {"addr":"0x0425cbbc5ff784203fe8d82beefa2b02634351f5","name":"FBR","decimals":18},
    {"addr":"0x01c67791309c71aa4ed373025a0c089696d7c9e4","name":"CCB","decimals":18},
    {"addr":"0x944f1a04ab8d735acdbc46505c5b283f54289152","name":"GBTS","decimals":18},
    {"addr":"0x4a536c1ce7ad7f6e8d2e59135e17aef5ef4dd4e6","name":"GEC","decimals":3},
    {"addr":"0xf6cfe53d6febaeea051f400ff5fc14f0cbbdaca1","name":"DGPT","decimals":18},
    {"addr":"0x3293cc907fde439b39aedaf1b982785adaff186b","name":"TRIA","decimals":10},
    {"addr":"0x5d51fcced3114a8bb5e90cdd0f9d682bcbcc5393","name":"B2B","decimals":18},
    {"addr":"0x44197a4c44d6a059297caf6be4f7e172bd56caaf","name":"ELTCOIN","decimals":8},
    {"addr":"0x5554e04e76533e1d14c52f05beef6c9d329e1e30","name":"NIO","decimals":0},
    {"addr":"0x14fffb1e001615b7fb7c7857bdf440a610022e5b","name":"SCX","decimals":0},
    {"addr":"0x275fd328c3986be83f8b60f79c73cf63fde98ca5","name":"CSL","decimals":18},
    {"addr":"0x103c3a209da59d3e7c4a89307e66521e081cfdf0","name":"GVT","decimals":18},
    {"addr":"0x44f588aeeb8c44471439d1270b3603c66a9262f1","name":"SNIP","decimals":18},
    {"addr":"0x45321004790a4dae7ba19217a10574d55739efc7","name":"DEEM","decimals":18},
    {"addr":"0x12a35383ca24ceb44cdcbbecbeb7baccb5f3754a","name":"CS","decimals":6},
    {"addr":"0xe30e02f049957e2a5907589e06ba646fb2c321ba","name":"DRPU","decimals":8},
    {"addr":"0x3e250a4f78410c29cfc39463a81f14a226690eb4","name":"DRPS","decimals":8},
    {"addr":"0x24692791bc444c5cd0b81e3cbcaba4b04acd1f3b","name":"UKG","decimals":18},
    {"addr":"0x595832f8fc6bf59c85c527fec3740a1b7a361269","name":"POWR","decimals":6},
    {"addr":"0x9c1d13d5a8fd4a8ac89917d31d40db454d1ee60b","name":"ELUNCH","decimals":18},
    {"addr":"0x180e5087935a94fd5bbab00fd2249c5be0473381","name":"ZCG","decimals":8},
    {"addr":"0x14839bf22810f09fb163af69bd21bd5476f445cd","name":"CFD","decimals":18},
    {"addr":"0x255aa6df07540cb5d3d297f0d0d4d84cb52bc8e6","name":"RDN","decimals":18},
    {"addr":"0xd3e2f9dfff5a6feeece5dbcee3b86cb375fd8c98","name":"BCOIN","decimals":8},
    {"addr":"0xc029ba3dc12e1834571e821d94a07de0a01138ea","name":"QBE","decimals":18},
    {"addr":"0x00a0cbe98e4d110b0fa82646152d77babf2951d0","name":"EETHER","decimals":18},
    {"addr":"0x9c23a568a32e8434ec88bdf60891a1d95ffd36cc","name":"CHUCK","decimals":4},
    {"addr":"0xd819e892f4df8659188e8bda839fdf2215a513bc","name":"SPOON","decimals":18},
    {"addr":"0xd2308446536a0bad028ab8c090d62e1ea2a51f24","name":"GNEISS","decimals":0},
    {"addr":"0x50ee674689d75c0f88e8f83cfe8c4b69e8fd590d","name":"EPY","decimals":8},
    {"addr":"0x7627de4b93263a6a7570b8dafa64bae812e5c394","name":"NXX","decimals":8},
    {"addr":"0x6f6deb5db0c4994a8283a01d6cfeeb27fc3bbe9c","name":"SMART","decimals":0},
    {"addr":"0x8b1f49491477e0fb46a29fef53f1ea320d13c349","name":"AMM","decimals":6},
    {"addr":"0x8866d52303e372c2a2936d8ea09afd87bcbd8cf2","name":"TPL","decimals":10},
    {"addr":"0x1245ef80f4d9e02ed9425375e8f649b9221b31d8","name":"ARCT","decimals":8},
    {"addr":"0xdd007278b667f6bef52fd0a4c23604aa1f96039a","name":"RIPT","decimals":8},
    {"addr":"0xa5a283557653f36cf9aa0d5cc74b1e30422349f2","name":"UETL","decimals":8},
    {"addr":"0x93e24ce396a9e7d7de4a5bc616cf5fcab0476626","name":"ZIP","decimals":8},
    {"addr":"0x399a0e6fbeb3d74c85357439f4c8aed9678a5cbf","name":"DCL","decimals":3},
    {"addr":"0x519475b31653e46d20cd09f9fdcf3b12bdacb4f5","name":"VIU","decimals":18},
    {"addr":"0x86410db4d61c40a8e1df9f859069d5a15896195b","name":"DJC","decimals":18},
    {"addr":"0x7c53f13699e1f6ef5c699e893a20948bdd2e4de9","name":"DVD","decimals":18},
    {"addr":"0x554c20b7c486beee439277b4540a434566dc4c02","name":"HST","decimals":18},
    {"addr":"0x420c42ce1370c0ec3ca87d9be64a7002e78e6709","name":"STCN","decimals":0},
    {"addr":"0xa94c128a138504e1f81d727cc21bcb9ae6581015","name":"FDM","decimals":18},
    {"addr":"0xe8c5e942b76099c0c6d78271bad3ca002fa7c531","name":"HELP","decimals":0},
    {"addr":"0xf24d3dfffcaf9f9a5dda9c57eeeb1ac0bba49c86","name":"XMAS","decimals":18},
    {"addr":"0x7b1309c1522afd4e66c31e1e6d0ec1319e1eba5e","name":"BLN","decimals":18},
    {"addr":"0x7731ee8b0b0ab88977be7922849eb767bbe8da15","name":"ABSOLD","decimals":18},
    {"addr":"0xc6b014274d7406641711fb8889f93f4f11dec810","name":"NAO","decimals":18},
    {"addr":"0x28481cdc0e4fa79164491d47e8837edeb3993f20","name":"TSS","decimals":18},
    {"addr":"0x7d3e7d41da367b4fdce7cbe06502b13294deb758","name":"SSS","decimals":8},
    {"addr":"0x1500205f50bf3fd976466d0662905c9ff254fc9c","name":"BBT","decimals":4},
    {"addr":"0x3485b9566097ad656c70d6ebbd1cd044e2e72d05","name":"PNKOLD","decimals":0},
    {"addr":"0x013a06558f07d9e6f9a00c95a33f3a0e0255176b","name":"BALI","decimals":18},
    {"addr":"0xaf55f3b7dc65c8f9577cf00c8c5ca7b6e8cc4433","name":"ENTRC","decimals":8},
    {"addr":"0x7259fddca8d5f0184b3b12aa7e8401964b703a4f","name":"HYTV","decimals":3},
    {"addr":"0xea097a2b1db00627b2fa17460ad260c016016977","name":"UFR","decimals":18},
    {"addr":"0x6733d909e10ddedb8d6181b213de32a30ceac7ed","name":"BTSE","decimals":18},
    {"addr":"0x449574c69f3a658794829ed81639a7a9ece041e1","name":"NEOG","decimals":0},
    {"addr":"0xc0c2ee1ce1fed8f6e2764363a36db3dd4cf10022","name":"FBL","decimals":2},
    {"addr":"0xcbce61316759d807c474441952ce41985bbc5a40","name":"MOAC","decimals":18},
    {"addr":"0xea642206310400cda4c1c5b8e7945314aa96b8a7","name":"MINT","decimals":18},
    {"addr":"0x0b24fdf35876bbe2a1cc925321b8c301017474d4","name":"JWT","decimals":0},
    {"addr":"0x0835ecd15ddf08d4786304d71b4672dc5c40f011","name":"PLC","decimals":18},
    {"addr":"0xc5cea8292e514405967d958c2325106f2f48da77","name":"PRFT","decimals":18},
    {"addr":"0xd024645809f74043cd2133c6afeb46f0de4ad88f","name":"DEER","decimals":18},
    {"addr":"0x3d46454212c61ecb7b31248047fa033120b88668","name":"MVT","decimals":18},
    {"addr":"0x38d1c39c3e85dbf0fc2f2d637a4872530ad07a5f","name":"NDO","decimals":4},
    {"addr":"0x219218f117dc9348b358b8471c55a073e5e0da0b","name":"GRX","decimals":18},
    {"addr":"0xcb5a05bef3257613e984c17dbcf039952b6d883f","name":"SGR","decimals":8},
    {"addr":"0x7b22938ca841aa392c93dbb7f4c42178e3d65e88","name":"ASTRO","decimals":4},
    {"addr":"0xb203b5495109c6c85615ebb2056f98301d470507","name":"TRASH","decimals":3},
    {"addr":"0x74ceda77281b339142a36817fa5f9e29412bab85","name":"ERO","decimals":8},
    {"addr":"0xd04963de435bd4d25b1cc8f05870f49edbfc8c18","name":"SNI","decimals":18},
    {"addr":"0x5e3346444010135322268a4630d2ed5f8d09446c","name":"LOC","decimals":18},
    {"addr":"0x3adfc4999f77d04c8341bac5f3a76f58dff5b37a","name":"PRIX","decimals":8},
    {"addr":"0x0ffab58ea5a71cc3ca40217706c3c401407fa4a8","name":"INDIOLD","decimals":18},
    {"addr":"0xa119f0f5fd06ebadff8883c0f3c40b2d22e7a44f","name":"CRTM","decimals":8},
    {"addr":"0xe4c07f4637df3a0354f9b42a1b3178dc573b8926","name":"CZT","decimals":0},
    {"addr":"0x1d10997e92011398a20612f9ee87e33449bc1fe4","name":"1KT","decimals":18},
    {"addr":"0x2dbe0f03f1dddbdbc87557e86df3878ae25af855","name":"RC","decimals":8},
    {"addr":"0x164f64ef2a44444743c5472fa68fb3784060d286","name":"T8C","decimals":3},
    {"addr":"0xc324a2f6b05880503444451b8b27e6f9e63287cb","name":"XUC","decimals":18},
    {"addr":"0x37256d58e298cacaa82aa0527d56521f1b19e1f5","name":"EALP","decimals":18},
    {"addr":"0xc98e0639c6d2ec037a615341c369666b110e80e5","name":"EXMR","decimals":8},
    {"addr":"0x6e58b4c41cab75dc0239938bf5455ab8823ee4de","name":"B2XOLD","decimals":8},
    {"addr":"0x9b68bfae21df5a510931a262cecf63f41338f264","name":"DBET","decimals":18},
    {"addr":"0x9c3a2334d8d7a8b9013c0e572a5bbdfc2fc69063","name":"LCC","decimals":18},
    {"addr":"0x189c05c3c191015c694032e1b09c190d5db3fb50","name":"READ","decimals":8},
    {"addr":"0xd341d1680eeee3255b8c4c75bcce7eb57f144dae","name":"ONG","decimals":18},
    {"addr":"0x70838403ecc194b73e50b70a177b2ef413a2f421","name":"BZX","decimals":18},
    {"addr":"0xdfbd6a960a55bcfcf59d5925351e05a51498bcef","name":"ROCK","decimals":0},
    {"addr":"0x71f7b56f9f8641f73ca71512a93857a7868d1443","name":"KMR","decimals":18},
    {"addr":"0x1b957dc4aefeed3b4a2351a6a6d5cbfbba0cecfa","name":"HQX","decimals":18},
    {"addr":"0x9e386da8cdfcf8b9e7490e3f2a4589c570cb2b2f","name":"RPIL","decimals":8},
    {"addr":"0x19aea60e2fd6ac54ecf2576292c8fc7046429c37","name":"HUB","decimals":18},
    {"addr":"0x82b0e50478eeafde392d45d1259ed1071b6fda81","name":"DNA","decimals":18},
    {"addr":"0xa0aa85b54f8a7b09c845f13a09172b08925f3d54","name":"SISA","decimals":18},
    {"addr":"0x569cbdcc684edcc589939cc8f6b96e6abd9eb0f3","name":"IGN","decimals":6},
    {"addr":"0x2cfd4c10c075fa51649744245ec1d0aa3d567e23","name":"IPY","decimals":8},
    {"addr":"0x1844b21593262668b7248d0f57a220caaba46ab9","name":"PRL","decimals":18},
    {"addr":"0x149a23f3d1a1e61e1e3b7eddd27f32e01f9788c7","name":"CARE","decimals":18},
    {"addr":"0x15ef5b9447710eab904e63e6233ff540400d603f","name":"BTC2X","decimals":8},
    {"addr":"0x9e88613418cf03dca54d6a2cf6ad934a78c7a17a","name":"SWM","decimals":18},
    {"addr":"0xd286603e0f5de621b510a36c78c7616c015656f2","name":"BGIFT","decimals":18},
    {"addr":"0x90b1b771d0814d607da104b988efa39288219d62","name":"MEDI","decimals":18},
    {"addr":"0xedcd82784027001d7af57a34501c65a25f97fee4","name":"DATL","decimals":18},
    {"addr":"0x7ea4c29d3d37f9b259be610b67b3125c4d095d02","name":"CANADA","decimals":18},
    {"addr":"0xbec8f6d667594fb181c9d68e5c80c910888be93d","name":"STAKE","decimals":8},
    {"addr":"0x9c9891f7795eb127ba4783b671573275ff3a83a9","name":"B2X","decimals":8},
    {"addr":"0xfad572db566e5234ac9fc3d570c4edc0050eaa92","name":"BTHE","decimals":18},
    {"addr":"0x99ea4db9ee77acd40b119bd1dc4e33e1c070b80d","name":"QSP","decimals":18},
    {"addr":"0x11f8dd7699147566cf193596083d45c8f592c4ba","name":"ETHC","decimals":0},
    {"addr":"0xe25f0974fea47682f6a7386e4217da70512ec997","name":"BRC","decimals":18},
    {"addr":"0xbc9395973bd35a3b4bd924f050d2778c07506ecb","name":"GREED","decimals":18},
    {"addr":"0xd317ff47dc7e1423e5e050870a66332833e5fd88","name":"PNY","decimals":0},
    {"addr":"0xcc34366e3842ca1bd36c1f324d15257960fcc801","name":"BON","decimals":18},
    {"addr":"0x71f1bc89f38b241f3ebf0d5a013fa2850c63a1d4","name":"ZDR","decimals":8},
    {"addr":"0x1daaf3d62582639c6a7eabb467e2db9b56fafbbd","name":"USD_S","decimals":18},
    {"addr":"0xd0800859d6f4bc0210b7807e770bc44a9ece7372","name":"USD_R","decimals":18},
    {"addr":"0x1831887fbabf783910db128e60c41bfa016059d8","name":"EUR_S","decimals":18},
    {"addr":"0xe5a219d4db92a701e79b6e548803c8ce55138686","name":"EUR_R","decimals":18},
    {"addr":"0x1735fc2b89b80d1ae33c35dd55eae7fa7642f336","name":"CAD_S","decimals":18},
    {"addr":"0xf4522eda455814d43b003bc1c38501b04d65cc4a","name":"CAD_R","decimals":18},
    {"addr":"0xa9666166d3c7fd15e874801f99e9ad5bfb70c5cf","name":"GBP_S","decimals":18},
    {"addr":"0xdfe2bd1d3dcbb97804acf3ee85230e832c4a7b5d","name":"GBP_R","decimals":18},
    {"addr":"0x5f54c1512d036a0dd92744ee0a55ed183dde0484","name":"JPY_S","decimals":18},
    {"addr":"0x22a3d74c363379189b6cc059d8fbd888e98df5ec","name":"JPY_R","decimals":18},
    {"addr":"0x55648de19836338549130b1af587f16bea46f66b","name":"PBL","decimals":18},
    {"addr":"0xd7aa94f17d60be06414973a45ffa77efd6443f0f","name":"BTCQ","decimals":8},
    {"addr":"0x222728c202e7164dfbd127181d46409338c4328e","name":"MIND","decimals":18},
    {"addr":"0x1d9e20e581a5468644fe74ccb6a46278ef377f9e","name":"CDRT","decimals":8},
    {"addr":"0x4b4e611823702285fd526d7a8a3b0aa99ab2dbcd","name":"HDLT","decimals":18},
    {"addr":"0x42d6622dece394b54999fbd73d108123806f6a18","name":"SPANK","decimals":18},
    {"addr":"0x7b69b78cc7fee48202c208609ae6d1f78ce42e13","name":"GOAL","decimals":18},
    {"addr":"0x494bbaf0124285e6ecb4dfd9eac76e18a9bf470f","name":"ETHX","decimals":18},
    {"addr":"0x44830e5fbe354af3c1c8d405170c08d3bc8a2cd9","name":"ETHCEN","decimals":8},
    {"addr":"0xfeed1a53bd53ffe453d265fc6e70dd85f8e993b6","name":"H2O","decimals":18},
    {"addr":"0xa823e6722006afe99e91c30ff5295052fe6b8e32","name":"NEU","decimals":18},
    {"addr":"0xf04a8ac553fcedb5ba99a64799155826c136b0be","name":"FLIXX","decimals":18},
    {"addr":"0x39013f961c378f02c2b82a6e1d31e9812786fd9d","name":"SMS","decimals":3},
    {"addr":"0xffb99f90bcd96fe743796fd8eefaaa6617753e79","name":"MMC2","decimals":0},
    {"addr":"0x1175a66a5c3343bbf06aa818bb482ddec30858e0","name":"CIX","decimals":18},
    {"addr":"0x111111f7e9b1fe072ade438f77e1ce861c7ee4e3","name":"CAT2","decimals":18},
    {"addr":"0x5121e348e897daef1eef23959ab290e5557cf274","name":"AI","decimals":18},
    {"addr":"0x80fb784b7ed66730e8b1dbd9820afd29931aab03","name":"LEND","decimals":18},
    {"addr":"0x74951b677de32d596ee851a233336926e6a2cd09","name":"WBA","decimals":7},
    {"addr":"0x4632091b0dd0e0902d1fe0534e16eb7b20328d70","name":"ULT","decimals":18},
    {"addr":"0xa5d1e58ece1fc438d64e65769d2ab730143a4caf","name":"RBM","decimals":18},
    {"addr":"0x1b22c32cd936cb97c28c5690a0695a82abf688e6","name":"WISH","decimals":18},
    {"addr":"0x340d2bde5eb28c1eed91b2f790723e3b160613b7","name":"VEE","decimals":18},
    {"addr":"0x25432dd810730331498c22fbf6b98432e7ef3e66","name":"BIO","decimals":18},
    {"addr":"0x5b26c5d0772e5bbac8b3182ae9a13f9bb2d03765","name":"EDU","decimals":8},
    {"addr":"0x5c5413bad5f6fdb0f4fcd1457e46ead8e01d73d3","name":"UAHOLD","decimals":18},
    {"addr":"0x0f9b1d1d39118480cf8b9575419ea4e5189c88dd","name":"WET","decimals":0},
    {"addr":"0x18edc1b644839eed61c69e624e96bbd469a2ef52","name":"ELC","decimals":18},
    {"addr":"0x9901ed1e649c4a77c7fff3dfd446ffe3464da747","name":"ENT","decimals":18},
    {"addr":"0x10c0337c42843e0b8ce743d7d5ff39b711f3ad82","name":"WND","decimals":18},
    {"addr":"0xee9704a1d61aa2c1401e2303ac7e1f81c29ed860","name":"CLASH","decimals":0},
    {"addr":"0x30cc0e266cf33b8eac6a99cbd98e39b890cfd69b","name":"CLASSY","decimals":16},
    {"addr":"0x13f11c9905a08ca76e3e853be63d4f0944326c72","name":"DIVX","decimals":18},
    {"addr":"0x9d5b592b687c887a5a34df5f9207adb2c2db3aec","name":"ETBT","decimals":18},
    {"addr":"0xb4b1d2c217ec0776584ce08d3dd98f90ededa44b","name":"CO2","decimals":18},
    {"addr":"0x0f513ffb4926ff82d7f60a05069047aca295c413","name":"XSC","decimals":18},
    {"addr":"0xbf4a29269bf3a5c351c2af3a9c9ed81b07129ce4","name":"KEN","decimals":18},
    {"addr":"0xc499ea948a1ad5d8eaf12abd2f67975c4dbe21aa","name":"ANGL","decimals":18},
    {"addr":"0x80e7a4d750ade616da896c49049b7ede9e04c191","name":"ASTR","decimals":4},
    {"addr":"0x5882d49d3511e09096cbbab7e19fbfb82f65f28d","name":"BIONT","decimals":18},
    {"addr":"0x0bb217e40f8a5cb79adf04e1aab60e5abd0dfc1e","name":"SWFTC","decimals":8},
    {"addr":"0x679badc551626e01b23ceecefbc9b877ea18fc46","name":"CCO","decimals":18},
    {"addr":"0x08f8117155aa9414b67113a47ad269d47974e9dc","name":"DHG","decimals":18},
    {"addr":"0xb4c55b5a1faf5323e59842171c2492773a3783dd","name":"BCDC","decimals":18},
    {"addr":"0x31b5e97294e1afd6fff6ffe4cba89a344555f753","name":"ALLY","decimals":18},
    {"addr":"0xa25d01d15fc0e3cdede1bebee4124394aae0db33","name":"FLLW","decimals":18},
    {"addr":"0xbdc5bac39dbe132b1e030e898ae3830017d7d969","name":"SNOV","decimals":18},
    {"addr":"0x8ce9411df545d6b51a9bc52a89e0f6d1b54a06dd","name":"ABS","decimals":0},
    {"addr":"0x0af44e2784637218dd1d32a322d44e603a8f0c6a","name":"MTX","decimals":18},
    {"addr":"0x0f598112679b78e17a4a9febc83703710d33489c","name":"XMRG","decimals":8},
    {"addr":"0xfb7da9863e030495db8b4d067d665fc8433fff85","name":"PCC","decimals":18},
    {"addr":"0x6cee948c9d593c58cba5dfa70482444899d1341c","name":"SXSOLD","decimals":18},
    {"addr":"0xa0e743c37c470ab381cf0e87b6e8f12ef19586fd","name":"CRYPHER","decimals":18},
    {"addr":"0xe8c09672cfb9cfce6e2edbb01057d9fa569f97c1","name":"INDI","decimals":18},
    {"addr":"0x21692a811335301907ecd6343743791802ba7cfd","name":"ADU","decimals":18},
    {"addr":"0xb4bfa6b45e25ad12bb033ec8a5eff523b83cc9af","name":"UAHPAY","decimals":18},
    {"addr":"0x2604fa406be957e542beb89e6754fcde6815e83f","name":"PKT","decimals":18},
    {"addr":"0x2fa32a39fc1c399e0cc7b2935868f5165de7ce97","name":"PFR","decimals":8},
    {"addr":"0x419c4db4b9e25d6db2ad9691ccb832c8d9fda05e","name":"DRGN","decimals":18},
    {"addr":"0xe42ba5558b00d2e6109cc60412d5d4c9473fe998","name":"IMC","decimals":18},
    {"addr":"0x342ba159f988f24f0b033f3cc5232377ee500543","name":"RAC","decimals":18},
    {"addr":"0x06147110022b768ba8f99a8f385df11a151a9cc8","name":"ACE","decimals":0},
    {"addr":"0x0f4ca92660efad97a9a70cb0fe969c755439772c","name":"LEV","decimals":9},
    {"addr":"0x83cee9e086a77e492ee0bb93c2b0437ad6fdeccc","name":"MNTP","decimals":18},
    {"addr":"0x05c7065d644096a4e4c3fe24af86e36de021074b","name":"LCT","decimals":18},
    {"addr":"0xd234bf2410a0009df9c3c63b610c09738f18ccd7","name":"DTR","decimals":8},
    {"addr":"0x286bda1413a2df81731d4930ce2f862a35a609fe","name":"WABI","decimals":18},
    {"addr":"0xd6e49800decb64c0e195f791348c1e87a5864fd7","name":"RCT","decimals":9},
    {"addr":"0x52f7018bc6ba4d24abfbaefccae4617bfb0a0b52","name":"YACHT","decimals":9},
    {"addr":"0x672a1ad4f667fb18a333af13667aa0af1f5b5bdd","name":"CRED","decimals":18},
    {"addr":"0xaadb05f449072d275833baf7c82e8fca4ee46575","name":"SXUOLD","decimals":6},
    {"addr":"0x554c98b3ec772f79ee5b96d47a1d10852ed274c8","name":"SXDOLD","decimals":6},
    {"addr":"0x2eb86e8fc520e0f6bb5d9af08f924fe70558ab89","name":"LGR","decimals":8},
    {"addr":"0x6beb418fc6e1958204ac8baddcf109b8e9694966","name":"LNC","decimals":18},
    {"addr":"0xaf146fbd319ca7ae178caa2c9d80a2db6b944350","name":"PXT","decimals":18},
    {"addr":"0x8b0c9f462c239c963d8760105cbc935c63d85680","name":"SHNZ","decimals":8},
    {"addr":"0xf85feea2fdd81d51177f6b8f35f0e6734ce45f5f","name":"CMT","decimals":18},
    {"addr":"0xfdbc1adc26f0f8f8606a5d63b7d3a3cd21c22b23","name":"1WO","decimals":8},
    {"addr":"0x27f610bf36eca0939093343ac28b1534a721dbb4","name":"WAND","decimals":18},
    {"addr":"0xe0c21b3f45fea3e5fdc811021fb1f8842caccad2","name":"BITC","decimals":0},
    {"addr":"0xce53a179047ebed80261689367c093c90a94cc08","name":"EDT","decimals":8},
    {"addr":"0xd0352a019e9ab9d757776f532377aaebd36fd541","name":"FSN","decimals":18},
    {"addr":"0xaa7a9ca87d3694b5755f213b5d04094b8d0f0a6f","name":"TRAC","decimals":18},
    {"addr":"0xb3104b4b9da82025e8b9f8fb28b3553ce2f67069","name":"BIX","decimals":18},
    {"addr":"0x106aa49295b525fcf959aa75ec3f7dcbf5352f1c","name":"RKT","decimals":18},
    {"addr":"0xe25bcec5d3801ce3a794079bf94adf1b8ccd802d","name":"MAN","decimals":18},
    {"addr":"0x6f259637dcd74c767781e37bc6133cd6a68aa161","name":"HT","decimals":18},
    {"addr":"0x8eb24319393716668d768dcec29356ae9cffe285","name":"AGI","decimals":8},
    {"addr":"0xb62132e35a6c13ee1ee0f84dc5d40bad8d815206","name":"NEXO","decimals":18},
    {"addr":"0x4cf488387f035ff08c371515562cba712f9015d4","name":"WPR","decimals":18},
    {"addr":"0x6c6ee5e31d828de241282b9606c8e98ea48526e2","name":"HOT","decimals":18},
    {"addr":"0xf278c1ca969095ffddded020290cf8b5c424ace2","name":"RUFF","decimals":18},
    {"addr":"0x80a7e048f37a50500351c204cb407766fa3bae7f","name":"CRPT","decimals":18},
    {"addr":"0x2d0e95bd4795d7ace0da3c0ff7b706a5970eb9d3","name":"SOC","decimals":18},
    {"addr":"0xd0a4b8946cb52f0661273bfbc6fd0e0c75fc6433","name":"STORM","decimals":18},
    {"addr":"0x2008e3057bd734e10ad13c9eae45ff132abc1722","name":"ZCO","decimals":8},
    {"addr":"0x39bb259f66e1c59d5abef88375979b4d20d98022","name":"WAX","decimals":8},
    {"addr":"0xd4c435f5b09f855c3317c8524cb1f586e42795fa","name":"CND","decimals":18},
    {"addr":"0xb5a5f22694352c15b00323844ad545abb2b11028","name":"ICX","decimals":18},
    {"addr":"0xea11755ae41d889ceec39a63e6ff75a02bc1c00d","name":"CTXC","decimals":18},
    {"addr":"0x8db54ca569d3019a2ba126d03c37c44b5ef81ef6","name":"DXT","decimals":8},
    {"addr":"0x8400d94a5cb0fa0d041a3788e395285d61c9ee5e","name":"UBT","decimals":8},
    {"addr":"0x26e75307fc0c021472feb8f727839531f112f317","name":"C20","decimals":18},
    {"addr":"0xa017ac5fac5941f95010b12570b812c974469c2c","name":"XES","decimals":18},
    {"addr":"0xebbdf302c940c6bfd49c6b165f457fdb324649bc","name":"HYDRO","decimals":18},
    {"addr":"0xbf52f2ab39e26e0951d2a02b49b7702abe30406a","name":"ODEM","decimals":18},
    {"addr":"0xbe428c3867f05dea2a89fc76a102b544eac7f772","name":"CVT","decimals":18},
    {"addr":"0x4270bb238f6dd8b1c3ca01f96ca65b2647c06d3c","name":"FOTA","decimals":18},
    {"addr":"0x5b2e4a700dfbc560061e957edec8f6eeeb74a320","name":"INS","decimals":10},
    {"addr":"0x45245bc59219eeaaf6cd3f382e078a461ff9de7b","name":"BKX","decimals":18},
    {"addr":"0xa33e729bf4fdeb868b534e1f20523463d9c46bee","name":"¢","decimals":10},
    {"addr":"0x0947b0e6d821378805c9598291385ce7c791a6b2","name":"LND","decimals":18},
    {"addr":"0xfa1a856cfa3409cfa145fa4e20eb270df3eb21ab","name":"IOST","decimals":18},
    {"addr":"0x3833dda0aeb6947b98ce454d89366cba8cc55528","name":"SPHTX","decimals":18},
    {"addr":"0x2c4e8f2d746113d0696ce89b35f0d8bf88e0aeca","name":"ST","decimals":18},
    {"addr":"0x8b353021189375591723e7384262f45709a3c3dc","name":"TOMO","decimals":18},
    {"addr":"0x38c6a68304cdefb9bec48bbfaaba5c5b47818bb2","name":"HPB","decimals":18},
    {"addr":"0xabbbb6447b68ffd6141da77c18c7b5876ed6c5ab","name":"DATx","decimals":18},
    {"addr":"0x5c3a228510d246b78a3765c20221cbf3082b44a4","name":"STQ","decimals":18},
    {"addr":"0xdd16ec0f66e54d453e6756713e533355989040e4","name":"TEN","decimals":18},
    {"addr":"0x998b3b82bc9dba173990be7afb772788b5acb8bd","name":"BANCA","decimals":18},
    {"addr":"0xa5fd1a791c4dfcaacc963d4f73c6ae5824149ea7","name":"JNT","decimals":18},
    {"addr":"0xda6cb58a0d0c01610a29c5a65c303e13e885887c","name":"cV","decimals":18},
    {"addr":"0x0d262e5dc4a06a0f1c90ce79c7a60c09dfc884e4","name":"J8T","decimals":8},
    {"addr":"0x9af2c6b1a28d3d6bc084bd267f70e90d49741d5b","name":"AXP","decimals":8},
    {"addr":"0xc27a2f05fa577a83ba0fdb4c38443c0718356501","name":"TAU","decimals":18},
    {"addr":"0x81c9151de0c8bafcd325a57e3db5a5df1cebf79c","name":"DAT","decimals":18},
    {"addr":"0x905e337c6c8645263d3521205aa37bf4d034e745","name":"MTC","decimals":18},
    {"addr":"0x3839d8ba312751aa0248fed6a8bacb84308e20ed","name":"Bez","decimals":18},
    {"addr":"0xcc13fc627effd6e35d2d2706ea3c4d7396c610ea","name":"IDXM","decimals":8},
    {"addr":"0x4a527d8fc13c5203ab24ba0944f4cb14658d1db6","name":"MITx","decimals":18},
    {"addr":"0x2c82c73d5b34aa015989462b2948cd616a37641f","name":"SXUT","decimals":18},
    {"addr":"0x24ddff6d8b8a42d835af3b440de91f3386554aa4","name":"ING","decimals":18},
    {"addr":"0x8542325b72c6d9fc0ad2ca965a78435413a915a0","name":"SHL","decimals":18},
    {"addr":"0xb6ee9668771a79be7967ee29a63d4184f8097143","name":"CXO","decimals":18},
    {"addr":"0x1961b3331969ed52770751fc718ef530838b6dee","name":"BDG","decimals":18},
    {"addr":"0x71d01db8d6a2fbea7f8d434599c237980c234e4c","name":"GLA","decimals":8},
    {"addr":"0xb2135ab9695a7678dd590b1a996cb0f37bcb0718","name":"SGN","decimals":9},
    {"addr":"0x1c83501478f1320977047008496dacbd60bb15ef","name":"DGTX","decimals":18},
    {"addr":"0xbf2179859fc6d5bee9bf9158632dc51678a4100e","name":"ELF","decimals":18},
    {"addr":"0xe34e1944e776f39b9252790a0527ebda647ae668","name":"HBZ","decimals":18},
    {"addr":"0x558ec3152e2eb2174905cd19aea4e34a23de9ad6","name":"BRD","decimals":18},
    {"addr":"0xae73b38d1c9a8b274127ec30160a4927c4d71824","name":"STK","decimals":18},
    {"addr":"0xe5dada80aa6477e85d09747f2842f7993d0df71c","name":"DOCK","decimals":18},
    {"addr":"0xa74476443119a942de498590fe1f2454d7d4ac0d","name":"GNT","decimals":18},
    {"addr":"0xc5bbae50781be1669306b9e001eff57a2957b09d","name":"GTO","decimals":5},
    {"addr":"0xea5f88e54d982cbb0c441cde4e79bc305e5b43bc","name":"PARETO","decimals":18},
    {"addr":"0x6710c63432a2de02954fc0f851db07146a6c0312","name":"MFG","decimals":18},
    {"addr":"0x05f4a42e251f2d52b8ed15e9fedaacfcef1fad27","name":"ZIL","decimals":12},
    {"addr":"0x5d65d971895edc438f465c17db6992698a52318d","name":"NAS","decimals":18},
    {"addr":"0x0b4bdc478791897274652dc15ef5c135cae61e60","name":"DAX","decimals":18},
    {"addr":"0xa4e8c3ec456107ea67d3075bf9e3df3a75823db0","name":"LOOM","decimals":18},
    {"addr":"0x618e75ac90b12c6049ba3b27f5d5f8651b0037f6","name":"QASH","decimals":6},
    {"addr":"0x68d57c9a1c35f63e2c83ee8e49a64e9d70528d25","name":"SRN","decimals":18},
    {"addr":"0xca0e7269600d353f70b14ad118a49575455c0f2f","name":"AMLT","decimals":18},
    {"addr":"0x2f85e502a988af76f7ee6d83b7db8d6c0a823bf9","name":"LATX","decimals":8},
    {"addr":"0xeda8b016efa8b1161208cf041cd86972eee0f31e","name":"IHT","decimals":18},
    {"addr":"0x6ba460ab75cd2c56343b3517ffeba60748654d26","name":"UP","decimals":8},
    {"addr":"0x3136ef851592acf49ca4c825131e364170fa32b3","name":"COFI","decimals":18},
    {"addr":"0x80bc5512561c7f85a3a9508c7df7901b370fa1df","name":"TIO","decimals":18},
    {"addr":"0xf3db7560e820834658b590c96234c333cd3d5e5e","name":"CHP","decimals":18},
    {"addr":"0xfae4ee59cdd86e3be9e8b90b53aa866327d7c090","name":"CPC","decimals":18},
    {"addr":"0x1a7a8bd9106f2b8d977e08582dc7d24c723ab0db","name":"APPC","decimals":18},
    {"addr":"0x5732046a883704404f284ce41ffadd5b007fd668","name":"BLZ","decimals":18},
    {"addr":"0xa13f0743951b4f6e3e3aa039f682e17279f52bc3","name":"SENC","decimals":18},
    {"addr":"0xa6a840e50bcaa50da017b91a0d86b8b2d41156ee","name":"EKO","decimals":18},
    {"addr":"0xfd107b473ab90e8fbd89872144a3dc92c40fa8c9","name":"LALA","decimals":18},
    {"addr":"0xd0929d411954c47438dc1d871dd6081f5c5e149c","name":"RFR","decimals":4},
    {"addr":"0xaa0bb10cec1fa372eb3abc17c933fc6ba863dd9e","name":"HMC","decimals":18},
    {"addr":"0x3883f5e181fccaf8410fa61e12b59bad963fb645","name":"THETA","decimals":18},
    {"addr":"0x1829aa045e21e0d59580024a951db48096e01782","name":"FXT","decimals":18},
    {"addr":"0x89d24a6b4ccb1b6faa2625fe562bdd9a23260359","name":"DAI","decimals":18},
    {"addr":"0x5e6016ae7d7c49d347dcf834860b9f3ee282812b","name":"EZT","decimals":8},
    {"addr":"0x123ab195dd38b1b40510d467a6a359b201af056f","name":"LGO","decimals":8},
    {"addr":"0x0ebb614204e47c09b6c3feb9aaecad8ee060e23e","name":"CPAY","decimals":0},
    {"addr":"0x69beab403438253f13b6e92db91f7fb849258263","name":"NTK","decimals":18},
    {"addr":"0x809826cceab68c387726af962713b64cb5cb3cca","name":"nCash","decimals":18},
    {"addr":"0x5f53f7a8075614b699baad0bc2c899f4bad8fbbf","name":"REBL","decimals":18},
    {"addr":"0xba9d4199fab4f26efe3551d490e3821486f135ba","name":"CHSB","decimals":8},
    {"addr":"0x4ce6b362bc77a24966dda9078f9cef81b3b886a7","name":"NPER","decimals":18},
    {"addr":"0x28b5e12cce51f15594b0b91d5b5adaa70f684a02","name":"NPX","decimals":2},
    {"addr":"0x1122b6a0e00dce0563082b6e2953f3a943855c1f","name":"CENNZ","decimals":18},
    {"addr":"0x9a005c9a89bd72a4bd27721e7a09a3c11d2b03c4","name":"STAC","decimals":18},
    {"addr":"0x92e52a1a235d9a103d970901066ce910aacefd37","name":"UCASH","decimals":8},
    {"addr":"0x72dd4b6bd852a3aa172be4d6c5a6dbec588cf131","name":"NGC","decimals":18},
    {"addr":"0x12b306fa98f4cbb8d4457fdff3a0a0a56f07ccdf","name":"SXDT","decimals":18},
    {"addr":"0x23352036e911a22cfc692b5e2e196692658aded9","name":"FDZ","decimals":18},
    {"addr":"0xe25b0bba01dc5630312b6a21927e578061a13f55","name":"SHIP","decimals":18},
    {"addr":"0xe8a1df958be379045e2b46a31a98b93a2ecdfded","name":"ESZ","decimals":18},
    {"addr":"0xbdcfbf5c4d91abc0bc9709c7286d00063c0e6f22","name":"GUESS","decimals":2},
    {"addr":"0x78a73b6cbc5d183ce56e786f6e905cadec63547b","name":"FT","decimals":18},
    {"addr":"0x2ef27bf41236bd859a95209e17a43fbd26851f92","name":"MORPH","decimals":4},
    {"addr":"0x6745fab6801e376cd24f03572b9c9b0d4edddccf","name":"SENSE","decimals":8},
    {"addr":"0x37d40510a2f5bc98aa7a0f7bf4b3453bcfb90ac1","name":"BBI","decimals":18},
    {"addr":"0x83984d6142934bb535793a82adb0a46ef0f66b6d","name":"REM","decimals":4},
    {"addr":"0x264dc2dedcdcbb897561a57cba5085ca416fb7b4","name":"QUN","decimals":18},
    {"addr":"0x1460a58096d80a50a2f1f956dda497611fa4f165","name":"CHX","decimals":18},
    {"addr":"0xe4c94d45f7aef7018a5d66f44af780ec6023378e","name":"CCRB","decimals":6},
    {"addr":"0x1c79ab32c66acaa1e9e81952b8aaa581b43e54e7","name":"TEAM","decimals":4},
    {"addr":"0x954b5de09a55e59755acbda29e1eb74a45d30175","name":"FLUZ","decimals":18},
    {"addr":"0x4d8fc1453a0f359e99c9675954e656d80d996fbf","name":"BEE","decimals":18},
    {"addr":"0xe5f166c0d8872b68790061317bb6cca04582c912","name":"TFD","decimals":18},
    {"addr":"0x37e8789bb9996cac9156cd5f5fd32599e6b91289","name":"AID","decimals":18},
    {"addr":"0x9720b467a710382a232a32f540bdced7d662a10b","name":"VZT","decimals":18},
    {"addr":"0x7703c35cffdc5cda8d27aa3df2f9ba6964544b6e","name":"PYLNT","decimals":18},
    {"addr":"0xb0280743b44bf7db4b6be482b2ba7b75e5da096c","name":"TNS","decimals":18},
    {"addr":"0xd01db73e047855efb414e6202098c4be4cd2423b","name":"UQC","decimals":18},
    {"addr":"0x04f2e7221fdb1b52a68169b25793e51478ff0329","name":"CAPP","decimals":2},
    {"addr":"0x41ab1b6fcbb2fa9dced81acbdec13ea6315f2bf2","name":"XDCE","decimals":18},
    {"addr":"0x92e78dae1315067a8819efd6dca432de9dcde2e9","name":"VRS","decimals":6},
    {"addr":"0xfd8971d5e8e1740ce2d0a84095fca4de729d0c16","name":"ZLA","decimals":18},
    {"addr":"0xaec98a708810414878c3bcdf46aad31ded4a4557","name":"300","decimals":18},
    {"addr":"0x9a0242b7a33dacbe40edb927834f96eb39f8fbcb","name":"BAX","decimals":18},
    {"addr":"0x107c4504cd79c5d2696ea0030a8dd4e92601b82e","name":"BLT","decimals":18},
    {"addr":"0x89303500a7abfb178b274fd89f2469c264951e1f","name":"REF","decimals":8},
    {"addr":"0x6425c6be902d692ae2db752b3c268afadb099d3b","name":"MWAT","decimals":18},
    {"addr":"0xf244176246168f24e3187f7288edbca29267739b","name":"HAV","decimals":18},
    {"addr":"0x4092678e4e78230f46a1534c0fbc8fa39780892b","name":"OCN","decimals":18},
    {"addr":"0x57ad67acf9bf015e4820fbd66ea1a21bed8852ec","name":"LYM","decimals":18},
    {"addr":"0x408e41876cccdc0f92210600ef50372656052a38","name":"REN","decimals":18},
    {"addr":"0xb70835d7822ebb9426b56543e391846c107bd32c","name":"GTC","decimals":18},
    {"addr":"0xa44e5137293e855b1b7bc7e2c6f8cd796ffcb037","name":"SENT","decimals":8},
    {"addr":"0x8a854288a5976036a725879164ca3e91d30c6a1b","name":"GET","decimals":18},
    {"addr":"0xffe02ee4c69edf1b340fcad64fbd6b37a7b9e265","name":"NANJ","decimals":8},
    {"addr":"0x1fe70be734e473e5721ea57c8b5b01e6caa52686","name":"RNTB","decimals":18},
    {"addr":"0x85e076361cc813a908ff672f9bad1541474402b2","name":"TEL","decimals":2},
    {"addr":"0x5e6b6d9abad9093fdc861ea1600eba1b355cd940","name":"ITC","decimals":18},
    {"addr":"0xd49ff13661451313ca1553fd6954bd1d9b6e02b9","name":"ELEC","decimals":18},
    {"addr":"0x6ec8a24cabdc339a06a172f8223ea557055adaa5","name":"GNX","decimals":9},
    {"addr":"0xcced5b8288086be8c38e23567e684c3740be4d48","name":"RLT","decimals":10},
    {"addr":"0x9e3319636e2126e3c0bc9e3134aec5e1508a46c7","name":"UTNP","decimals":18},
    {"addr":"0xb98d4c97425d9908e66e53a6fdf673acca0be986","name":"ABT","decimals":18},
    {"addr":"0x8dd5fbce2f6a956c3022ba3663759011dd51e73e","name":"TUSD","decimals":18},
    {"addr":"0x1d462414fe14cf489c7a21cac78509f4bf8cd7c0","name":"CAN","decimals":6},
    {"addr":"0xbab165df9455aa0f2aed1f2565520b91ddadb4c8","name":"EKT","decimals":8},
    {"addr":"0x70a72833d6bf7f508c8224ce59ea1ef3d0ea3a38","name":"UTK","decimals":18},
    {"addr":"0x9c23d67aea7b95d80942e3836bcdf7e708a747c2","name":"LOCI","decimals":18},
    {"addr":"0x5adc961d6ac3f7062d2ea45fefb8d8167d44b190","name":"DTH","decimals":18},
    {"addr":"0x4df47b4969b2911c966506e3592c41389493953b","name":"FND","decimals":18},
    {"addr":"0xe2d82dc7da0e6f882e96846451f4fabcc8f90528","name":"JC","decimals":18},
    {"addr":"0xaef38fbfbf932d1aef3b808bc8fbd8cd8e1f8bc5","name":"CRB","decimals":8},
    {"addr":"0x001f0aa5da15585e5b2305dbab2bac425ea71007","name":"IPSX","decimals":18},
    {"addr":"0xbc86727e770de68b1060c91f6bb6945c73e10388","name":"XNK","decimals":18},
    {"addr":"0x6888a16ea9792c15a4dcf2f6c623d055c8ede792","name":"SIG","decimals":18},
    {"addr":"0xec46f8207d766012454c408de210bcbc2243e71c","name":"NOX","decimals":18},
    {"addr":"0x3a92bd396aef82af98ebc0aa9030d25a23b11c6b","name":"TBX","decimals":18},
    {"addr":"0x64cdf819d3e75ac8ec217b3496d7ce167be42e80","name":"IPL","decimals":18},
    {"addr":"0x2ccbff3a042c68716ed2a2cb0c544a9f1d1935e1","name":"DMT","decimals":8},
    {"addr":"0xfb2f26f266fb2805a387230f2aa0a331b4d96fba","name":"DADI","decimals":18},
    {"addr":"0xef2463099360a085f1f10b076ed72ef625497a06","name":"SHP","decimals":18},
    {"addr":"0x48df4e0296f908ceab0428a5182d19b31fc037d6","name":"FRV","decimals":8},
    {"addr":"0xeee2d00eb7deb8dd6924187f5aa3496b7d06e62a","name":"TIG","decimals":18},
    {"addr":"0xd2fa8f92ea72abb35dbd6deca57173d22db2ba49","name":"ORI","decimals":18},
    {"addr":"0x9992ec3cf6a55b00978cddf2b27bc6882d88d1ec","name":"POLY","decimals":18},
    {"addr":"0x5136c98a80811c3f46bdda8b5c4555cfd9f812f0","name":"IDH","decimals":6},
    {"addr":"0xa5f8fc0921880cb7342368bd128eb8050442b1a1","name":"ARY","decimals":18},
    {"addr":"0x8a99ed8a1b204903ee46e733f2c1286f6d20b177","name":"NTO","decimals":18},
    {"addr":"0xff603f43946a3a28df5e6a73172555d8c8b02386","name":"RNT","decimals":18},
    {"addr":"0x88a3e4f35d64aad41a6d4030ac9afe4356cb84fa","name":"PRE","decimals":18},
    {"addr":"0x900b4449236a7bb26b286601dd14d2bde7a6ac6c","name":"EARTH","decimals":8},
    {"addr":"0x03c780cd554598592b97b7256ddaad759945b125","name":"BTRN","decimals":18},
    {"addr":"0x9e46a38f5daabe8683e10793b06749eef7d733d1","name":"NCT","decimals":18},
    {"addr":"0x4162178b78d6985480a308b2190ee5517460406d","name":"CLN","decimals":18},
    {"addr":"0xcdcfc0f66c522fd086a1b725ea3c0eeb9f9e8814","name":"AURA","decimals":18},
    {"addr":"0xac838aee2f650a6b970ecea56d4651653c1f84a1","name":"CLR","decimals":8},
    {"addr":"0x41dbecc1cdc5517c6f76f6a6e836adbee2754de3","name":"MTN","decimals":18},
    {"addr":"0x59061b6f26bb4a9ce5828a19d35cfd5a4b80f056","name":"LGD","decimals":8},
    {"addr":"0xf44745fbd41f6a1ba151df190db0564c5fcc4410","name":"CPY","decimals":18},
    {"addr":"0x3543638ed4a9006e4840b105944271bcea15605d","name":"UUU","decimals":18},
    {"addr":"0xcbeaec699431857fdb4d37addbbdc20e132d4903","name":"YOYOW","decimals":18},
    {"addr":"0x27f706edde3ad952ef647dd67e24e38cd0803dd6","name":"UET","decimals":18},
    {"addr":"0x3abdff32f76b42e7635bdb7e425f0231a5f3ab17","name":"CJT","decimals":18},
    {"addr":"0xd2d6158683aee4cc838067727209a0aaf4359de3","name":"BNTY","decimals":18},
    {"addr":"0xc12d099be31567add4e4e4d0d45691c3f58f5663","name":"AUC","decimals":18},
    {"addr":"0x47dd62d4d075dead71d0e00299fc56a2d747bebb","name":"EQL","decimals":18},
    {"addr":"0x923108a439c4e8c2315c4f6521e5ce95b44e9b4c","name":"EVE","decimals":18},
    {"addr":"0x076c97e1c869072ee22f8c91978c99b4bcb02591","name":"CBT","decimals":18},
    {"addr":"0x491c9a23db85623eed455a8efdd6aba9b911c5df","name":"HER","decimals":18},
    {"addr":"0x139d9397274bb9e2c29a9aa8aa0b5874d30d62e3","name":"BOUTS","decimals":18},
    {"addr":"0xe477292f1b3268687a29376116b0ed27a9c76170","name":"PLAY","decimals":18},
    {"addr":"0xe2fb6529ef566a080e6d23de0bd351311087d567","name":"COV","decimals":18},
    {"addr":"0x622dffcc4e83c64ba959530a5a5580687a57581b","name":"AUTO","decimals":18},
    {"addr":"0x263c618480dbe35c300d8d5ecda19bbb986acaed","name":"MOT","decimals":18},
    {"addr":"0x151202c9c18e495656f372281f493eb7698961d5","name":"DEB","decimals":18},
    {"addr":"0x9b70740e708a083c6ff38df52297020f5dfaa5ee","name":"DAN","decimals":10},
    {"addr":"0x6aeb95f06cda84ca345c2de0f3b7f96923a44f4c","name":"BERRY","decimals":14},
    {"addr":"0xf453b5b9d4e0b5c62ffb256bb2378cc2bc8e8a89","name":"MRK","decimals":8},
    {"addr":"0x12759512d326303b45f1cec8f7b6fd96f387778e","name":"TRAK","decimals":18},
    {"addr":"0x30cecb5461a449a90081f5a5f55db4e048397bab","name":"TRCT","decimals":8},
    {"addr":"0xe120c1ecbfdfea7f0a8f0ee30063491e8c26fedf","name":"SUR","decimals":8},
    {"addr":"0x5c743a35e903f6c584514ec617acee0611cf44f3","name":"EXY","decimals":18},
    {"addr":"0x6dd4e4aad29a40edd6a409b9c1625186c9855b4d","name":"PARKGENE","decimals":8},
    {"addr":"0xf3d29fb98d2dc5e78c87198deef99377345fd6f1","name":"BITPARK","decimals":8},
    {"addr":"0xd780ae2bf04cd96e577d3d014762f831d97129d0","name":"EVN","decimals":18},
    {"addr":"0x687174f8c49ceb7729d925c3a961507ea4ac7b28","name":"GAT","decimals":18},
    {"addr":"0x35a69642857083ba2f30bfab735dacc7f0bac969","name":"BBN","decimals":18},
    {"addr":"0xbbff862d906e348e9946bfb2132ecb157da3d4b4","name":"SS","decimals":18},
    {"addr":"0x5b0751713b2527d7f002c0c4e2a37e1219610a6b","name":"HORSE","decimals":18},
    {"addr":"0x2baac9330cf9ac479d819195794d79ad0c7616e3","name":"ADB","decimals":18},
    {"addr":"0xedd7c94fd7b4971b916d15067bc454b9e1bad980","name":"ZIPT","decimals":18},
    {"addr":"0x899338b84d25ac505a332adce7402d697d947494","name":"WIN","decimals":8},
    {"addr":"0x9e6b2b11542f2bc52f3029077ace37e8fd838d7f","name":"HKN","decimals":8},
    {"addr":"0xc20464e0c373486d2b3335576e83a218b1618a5e","name":"DTRC","decimals":18},
    {"addr":"0x85089389c14bd9c77fc2b8f0c3d1dc3363bf06ef","name":"SPF","decimals":18},
    {"addr":"0x02725836ebf3ecdb1cdf1c7b02fcbbfaa2736af8","name":"BTCA","decimals":8},
    {"addr":"0xd559f20296ff4895da39b5bd9add54b442596a61","name":"FTX","decimals":18},
    {"addr":"0xf41e5fbc2f6aac200dd8619e121ce1f05d150077","name":"CRC","decimals":18},
    {"addr":"0x8810c63470d38639954c6b41aac545848c46484a","name":"ADI","decimals":18},
    {"addr":"0x1a95b271b0535d15fa49932daba31ba612b52946","name":"MNE","decimals":8},
    {"addr":"0x1063ce524265d5a3a624f4914acd573dd89ce988","name":"AIX","decimals":18},
    {"addr":"0xc72fe8e3dd5bef0f9f31f259399f301272ef2a2d","name":"INSTAR","decimals":18},
    {"addr":"0x7dc4f41294697a7903c4027f6ac528c5d14cd7eb","name":"RMC","decimals":8}
  ],
  "defaultPair": {
    "token": "PPT",
    "base": "ETH"
  }
}
